Player,Season,Club,Goals,Assists,Goal_Contribution,Shot_Accuracy,Defensive_Contribution,Minutes_Per_Appearance,Discipline_Score,Age,Position,Market_Value_EUR
Aaron Ramsey,2015-2016,Arsenal,5.0,4.0,9.0,30.434782608695656,165.0,84.61290322580645,4.0,24,MF,33000000
Alex Iwobi,2015-2016,Arsenal,2.0,0.0,2.0,46.66666666666666,12.0,48.61538461538461,0.0,19,FW,3600000
Alex Oxlade-Chamberlain,2015-2016,Arsenal,1.0,0.0,1.0,0.0,49.0,41.77272727272727,0.0,21,MF,22000000
Alexis Sanchez,2015-2016,Arsenal,13.0,4.0,17.0,35.51401869158878,80.0,81.53333333333333,1.0,26,FW,49500000
Calum Chambers,2015-2016,Arsenal,0.0,1.0,1.0,12.5,8.0,23.0,2.0,20,DF,10800000
Danny Welbeck,2015-2016,Arsenal,4.0,2.0,6.0,55.00000000000001,19.0,52.54545454545455,1.0,24,FW,15300000
Francis Coquelin,2015-2016,Arsenal,0.0,0.0,0.0,0.0,177.0,63.30769230769231,8.0,24,MF,16500000
Gabriel Paulista,2015-2016,Arsenal,1.0,0.0,1.0,36.36363636363637,229.0,83.85714285714286,7.0,24,DF,10800000
Hector Bellerin,2015-2016,Arsenal,1.0,5.0,6.0,23.07692307692308,216.0,90.0,3.0,20,DF,18000000
Joel Campbell,2015-2016,Arsenal,3.0,0.0,3.0,36.84210526315789,42.0,46.68421052631579,0.0,23,FW,7200000
Kieran Gibbs,2015-2016,Arsenal,1.0,0.0,1.0,20.0,33.0,25.4,0.0,25,DF,11700000
Laurent Koscielny,2015-2016,Arsenal,4.0,0.0,4.0,42.10526315789473,386.0,86.24242424242425,3.0,29,DF,19800000
Mathieu Flamini,2015-2016,Arsenal,0.0,0.0,0.0,0.0,104.0,68.0625,3.0,31,MF,8100000
Mesut Özil,2015-2016,Arsenal,6.0,19.0,25.0,42.5531914893617,67.0,87.05714285714286,4.0,26,MF,49500000
Mohamed Elneny,2015-2016,Arsenal,0.0,1.0,1.0,0.0,45.0,72.18181818181819,3.0,23,MF,11000000
Nacho Monreal,2015-2016,Arsenal,0.0,3.0,3.0,0.0,310.0,87.78378378378379,1.0,29,DF,15000000
Olivier Giroud,2015-2016,Arsenal,16.0,6.0,22.0,42.57425742574257,74.0,63.78947368421053,2.0,28,FW,27500000
Per Mertesacker,2015-2016,Arsenal,0.0,0.0,0.0,0.0,181.0,85.375,4.0,30,DF,9000000
Santi Cazorla,2015-2016,Arsenal,2.0,2.0,4.0,50.0,13.0,44.583333333333336,3.0,30,MF,18000000
Theo Walcott,2015-2016,Arsenal,5.0,2.0,7.0,48.888888888888886,33.0,49.07142857142857,0.0,26,FW,22000000
Adama Traoré,2015-2016,Aston Villa,0.0,0.0,0.0,0.0,0.0,18.4,1.0,19,FW,6300000
Alan Hutton,2015-2016,Aston Villa,0.0,1.0,1.0,0.0,169.0,83.21428571428571,9.0,30,DF,2000000
Aly Cissokho,2015-2016,Aston Villa,0.0,0.0,0.0,75.0,144.0,89.05555555555556,6.0,27,DF,1800000
Ashley Westwood,2015-2016,Aston Villa,2.0,2.0,4.0,23.684210526315788,155.0,90.63333333333334,6.0,25,MF,4400000
Carles Gil,2015-2016,Aston Villa,3.0,2.0,5.0,23.91304347826087,28.0,52.1764705882353,2.0,22,MF,3500000
Carlos Sánchez,2015-2016,Aston Villa,2.0,0.0,2.0,42.85714285714285,103.0,61.25,6.0,29,MF,3850000
Ciaran Clark,2015-2016,Aston Villa,1.0,0.0,1.0,20.0,211.0,80.11111111111111,6.0,25,DF,4050000
Gabriel Agbonlahor,2015-2016,Aston Villa,1.0,2.0,3.0,60.0,18.0,69.06666666666666,0.0,29,FW,2250000
Idrissa Gueye,2015-2016,Aston Villa,0.0,1.0,1.0,13.333333333333334,321.0,87.85714285714286,10.0,26,MF,19800000
Jack Grealish,2015-2016,Aston Villa,1.0,0.0,1.0,25.0,21.0,52.0,1.0,19,MF,19800000
Joleon Lescott,2015-2016,Aston Villa,1.0,0.0,1.0,27.27272727272727,327.0,90.64516129032258,2.0,32,DF,1350000
Jordan Amavi,2015-2016,Aston Villa,0.0,2.0,2.0,20.0,108.0,83.6,2.0,21,DF,9000000
Jordan Ayew,2015-2016,Aston Villa,7.0,0.0,7.0,35.59322033898305,73.0,78.4,9.0,23,FW,8250000
Jordan Veretout,2015-2016,Aston Villa,0.0,5.0,5.0,31.57894736842105,74.0,72.96,4.0,22,MF,11000000
Jores Okore,2015-2016,Aston Villa,0.0,0.0,0.0,0.0,156.0,90.0,1.0,22,DF,4000000
Kieran Richardson,2015-2016,Aston Villa,0.0,1.0,1.0,28.57142857142857,53.0,65.72727272727273,4.0,30,DF,1100000
Leandro Bacuna,2015-2016,Aston Villa,1.0,0.0,1.0,28.125,160.0,89.55555555555556,8.0,23,MF,3300000
Micah Richards,2015-2016,Aston Villa,1.0,1.0,2.0,18.181818181818183,260.0,88.8695652173913,3.0,27,DF,4000000
Rudy Gestede,2015-2016,Aston Villa,5.0,0.0,5.0,29.508196721311474,49.0,92.05555555555556,2.0,26,FW,6300000
Scott Sinclair,2015-2016,Aston Villa,0.0,3.0,3.0,33.33333333333333,70.0,86.13333333333334,5.0,26,FW,3150000
Abdul Rahman Baba,2015-2016,Chelsea,0.0,1.0,1.0,33.33333333333333,106.0,67.73333333333333,1.0,21,DF,12000000
Bertrand Traoré,2015-2016,Chelsea,2.0,0.0,2.0,35.294117647058826,14.0,37.3,0.0,19,MF,4400000
Branislav Ivanovic,2015-2016,Chelsea,2.0,0.0,2.0,25.0,231.0,88.42424242424242,5.0,31,DF,9000000
Cesar Azpilicueta,2015-2016,Chelsea,0.0,0.0,0.0,30.76923076923077,129.0,68.5,3.0,26,DF,20000000
Cesc Fàbregas,2015-2016,Chelsea,5.0,7.0,12.0,42.22222222222222,152.0,78.27027027027027,5.0,28,MF,49500000
Diego Costa,2015-2016,Chelsea,12.0,6.0,18.0,41.17647058823529,56.0,84.96428571428571,8.0,26,FW,40500000
Eden Hazard,2015-2016,Chelsea,4.0,3.0,7.0,38.88888888888889,39.0,91.25,2.0,24,FW,58500000
Gary Cahill,2015-2016,Chelsea,2.0,0.0,2.0,30.76923076923077,206.0,88.86363636363636,2.0,29,DF,14400000
John Obi Mikel,2015-2016,Chelsea,0.0,1.0,1.0,0.0,126.0,71.32,6.0,28,MF,3850000
John Terry,2015-2016,Chelsea,1.0,0.0,1.0,20.0,166.0,90.4090909090909,8.0,34,DF,2250000
Kenedy,2015-2016,Chelsea,1.0,0.0,1.0,23.07692307692308,33.0,39.285714285714285,0.0,19,MF,11000000
Kurt Zouma,2015-2016,Chelsea,0.0,0.0,0.0,11.76470588235294,199.0,83.3913043478261,0.0,20,DF,15300000
Loïc Rémy,2015-2016,Chelsea,1.0,0.0,1.0,38.46153846153847,4.0,21.923076923076923,0.0,28,FW,8100000
Nemanja Matic,2015-2016,Chelsea,2.0,2.0,4.0,23.52941176470588,208.0,73.36363636363636,7.0,27,MF,38500000
Oscar,2015-2016,Chelsea,3.0,3.0,6.0,30.76923076923077,98.0,65.66666666666667,4.0,23,MF,11000000
Pedro,2015-2016,Chelsea,7.0,2.0,9.0,28.07017543859649,65.0,70.34482758620689,3.0,28,FW,20700000
Radamel Falcao,2015-2016,Chelsea,1.0,0.0,1.0,0.0,6.0,22.8,1.0,29,FW,13500000
Ramires,2015-2016,Chelsea,2.0,0.0,2.0,50.0,45.0,50.583333333333336,1.0,28,MF,16500000
Ruben Loftus-Cheek,2015-2016,Chelsea,1.0,0.0,1.0,25.0,20.0,31.307692307692307,0.0,19,MF,5500000
Willian,2015-2016,Chelsea,5.0,6.0,11.0,33.33333333333333,68.0,78.54285714285714,5.0,26,FW,27000000
Bakary Sako,2015-2016,Crystal Palace,2.0,1.0,3.0,44.11764705882353,43.0,53.7,1.0,27,MF,7200000
Chung-Yong Lee,2015-2016,Crystal Palace,1.0,0.0,1.0,0.0,24.0,29.615384615384617,0.0,27,FW,1350000
Connor Wickham,2015-2016,Crystal Palace,5.0,3.0,8.0,26.47058823529412,40.0,63.04761904761905,1.0,22,FW,5400000
Damien Delaney,2015-2016,Crystal Palace,2.0,3.0,5.0,33.33333333333333,327.0,90.0,2.0,34,DF,1350000
Dwight Gayle,2015-2016,Crystal Palace,3.0,0.0,3.0,40.909090909090914,17.0,48.0,4.0,24,FW,5400000
Emmanuel Adebayor,2015-2016,Crystal Palace,1.0,1.0,2.0,33.33333333333333,10.0,51.333333333333336,1.0,31,FW,2250000
Fraizer Campbell,2015-2016,Crystal Palace,0.0,0.0,0.0,25.0,9.0,32.72727272727273,1.0,27,FW,2250000
James McArthur,2015-2016,Crystal Palace,2.0,2.0,4.0,25.0,151.0,78.28571428571429,5.0,27,MF,6000000
Jason Puncheon,2015-2016,Crystal Palace,2.0,3.0,5.0,25.925925925925924,99.0,84.64516129032258,3.0,29,MF,6050000
Joe Ledley,2015-2016,Crystal Palace,1.0,0.0,1.0,0.0,84.0,51.578947368421055,1.0,28,MF,3850000
Joel Ward,2015-2016,Crystal Palace,2.0,0.0,2.0,0.0,254.0,89.73333333333333,4.0,25,DF,4500000
Jordon Mutch,2015-2016,Crystal Palace,0.0,0.0,0.0,0.0,42.0,39.75,0.0,23,MF,12100000
Marouane Chamakh,2015-2016,Crystal Palace,0.0,0.0,0.0,50.0,13.0,25.0,1.0,31,FW,1800000
Martin Kelly,2015-2016,Crystal Palace,0.0,0.0,0.0,0.0,93.0,80.23076923076923,3.0,25,MF,3300000
Mile Jedinak,2015-2016,Crystal Palace,0.0,0.0,0.0,7.6923076923076925,173.0,56.66666666666666,6.0,30,MF,5500000
Pape Souaré,2015-2016,Crystal Palace,0.0,1.0,1.0,9.090909090909092,254.0,88.6470588235294,6.0,25,DF,5850000
Scott Dann,2015-2016,Crystal Palace,0.0,0.0,0.0,0.0,38.0,31.58333333333333,0.0,28,DF,4500000
Wilfried Zaha,2015-2016,Crystal Palace,2.0,0.0,2.0,28.125,79.0,73.29411764705883,5.0,22,FW,8100000
Yannick Bolasie,2015-2016,Crystal Palace,5.0,3.0,8.0,45.614035087719294,69.0,79.84615384615384,2.0,26,MF,15400000
Yohan Cabaye,2015-2016,Crystal Palace,5.0,0.0,5.0,31.343283582089555,250.0,81.9090909090909,7.0,29,MF,19800000
Aaron Lennon,2015-2016,Everton,5.0,0.0,5.0,61.11111111111112,58.0,61.56,1.0,28,MF,6600000
Arouna Koné,2015-2016,Everton,5.0,4.0,9.0,38.88888888888889,42.0,58.32,1.0,31,FW,2250000
Brendan Galloway,2015-2016,Everton,0.0,1.0,1.0,0.0,106.0,81.53333333333333,2.0,19,DF,2700000
Bryan Oviedo,2015-2016,Everton,0.0,1.0,1.0,60.0,99.0,71.28571428571429,0.0,25,DF,2700000
Gareth Barry,2015-2016,Everton,0.0,0.0,0.0,26.666666666666668,253.0,85.9090909090909,8.0,34,MF,1500000
Gerard Deulofeu,2015-2016,Everton,2.0,8.0,10.0,66.66666666666666,35.0,53.23076923076923,2.0,21,FW,8100000
James McCarthy,2015-2016,Everton,2.0,2.0,4.0,43.75,195.0,83.93103448275862,8.0,24,MF,13500000
John Stones,2015-2016,Everton,0.0,0.0,0.0,12.5,263.0,84.21212121212122,3.0,21,DF,25200000
Kevin Mirallas,2015-2016,Everton,4.0,2.0,6.0,39.02439024390244,30.0,91.1818181818182,6.0,27,MF,14300000
Leighton Baines,2015-2016,Everton,2.0,1.0,3.0,33.33333333333333,111.0,82.05555555555556,0.0,30,DF,11200000
Muhamed Besic,2015-2016,Everton,0.0,0.0,0.0,50.0,54.0,46.41666666666666,1.0,23,MF,55000000
Phil Jagielka,2015-2016,Everton,0.0,0.0,0.0,11.11111111111111,280.0,88.14285714285714,0.0,32,DF,3100000
Ramiro Funes Mori,2015-2016,Everton,4.0,1.0,5.0,37.5,335.0,78.25,7.0,24,DF,10800000
Romelu Lukaku,2015-2016,Everton,18.0,6.0,24.0,40.67796610169492,21.0,85.78378378378379,3.0,22,FW,36000000
Ross Barkley,2015-2016,Everton,8.0,8.0,16.0,30.526315789473685,74.0,81.1842105263158,4.0,21,MF,22000000
Seamus Coleman,2015-2016,Everton,5.0,0.0,5.0,37.93103448275862,321.0,90.0,7.0,26,DF,15300000
Tom Cleverley,2015-2016,Everton,2.0,4.0,6.0,29.166666666666668,84.0,73.31818181818181,1.0,25,MF,9900000
Andy King,2015-2016,Leicester City,2.0,1.0,3.0,20.0,84.0,41.96,2.0,26,MF,3850000
Christian Fuchs,2015-2016,Leicester City,0.0,4.0,4.0,42.10526315789473,330.0,90.33333333333331,4.0,29,DF,5400000
Daniel Drinkwater,2015-2016,Leicester City,2.0,7.0,9.0,21.951219512195124,246.0,86.8,6.0,25,MF,9900000
Danny Simpson,2015-2016,Leicester City,0.0,0.0,0.0,28.57142857142857,288.0,87.1,3.0,28,DF,4500000
Demarai Gray,2015-2016,Leicester City,0.0,1.0,1.0,60.0,12.0,14.75,0.0,19,MF,9900000
Jamie Vardy,2015-2016,Leicester City,24.0,6.0,30.0,46.08695652173913,63.0,87.19444444444444,5.0,28,FW,16200000
Jeffrey Schlupp,2015-2016,Leicester City,1.0,2.0,3.0,23.07692307692308,99.0,92.2,4.0,22,DF,7200000
Leonardo Ulloa,2015-2016,Leicester City,6.0,2.0,8.0,30.303030303030305,55.0,33.37931034482759,0.0,29,FW,7200000
Marc Albrighton,2015-2016,Leicester City,2.0,6.0,8.0,26.190476190476197,133.0,72.76315789473684,4.0,25,MF,6600000
N'Golo Kanté,2015-2016,Leicester City,1.0,4.0,5.0,0.0,399.0,81.62162162162163,3.0,24,MF,88000000
Nathan Dyer,2015-2016,Leicester City,1.0,0.0,1.0,0.0,5.0,17.76923076923077,1.0,27,FW,3600000
Ritchie de Laet,2015-2016,Leicester City,1.0,0.0,1.0,50.0,82.0,54.583333333333336,1.0,26,DF,1800000
Riyad Mahrez,2015-2016,Leicester City,17.0,11.0,28.0,45.34883720930232,109.0,82.48648648648648,1.0,24,FW,18000000
Robert Huth,2015-2016,Leicester City,3.0,0.0,3.0,21.428571428571427,409.0,90.0,8.0,30,DF,5400000
Shinji Okazaki,2015-2016,Leicester City,5.0,0.0,5.0,26.08695652173913,61.0,57.5,1.0,29,FW,9000000
Wes Morgan,2015-2016,Leicester City,2.0,0.0,2.0,28.57142857142857,402.0,90.0,3.0,31,DF,3150000
Adam Lallana,2015-2016,Liverpool,4.0,6.0,10.0,34.090909090909086,116.0,70.33333333333333,2.0,27,MF,20900000
Alberto Moreno,2015-2016,Liverpool,1.0,4.0,5.0,22.22222222222222,208.0,90.96428571428572,3.0,23,DF,16500000
Cameron Brannagan,2015-2016,Liverpool,0.0,0.0,0.0,50.0,47.0,26.25,2.0,19,MF,250000
Christian Benteke,2015-2016,Liverpool,9.0,3.0,12.0,32.78688524590164,21.0,52.3448275862069,2.0,24,FW,24300000
Daniel Sturridge,2015-2016,Liverpool,8.0,1.0,9.0,47.91666666666667,10.0,69.92857142857143,0.0,25,FW,22000000
Dejan Lovren,2015-2016,Liverpool,0.0,0.0,0.0,27.27272727272727,238.0,79.04166666666667,2.0,26,DF,13500000
Divock Origi,2015-2016,Liverpool,5.0,1.0,6.0,50.0,6.0,41.625,0.0,20,FW,9900000
Emre Can,2015-2016,Liverpool,1.0,0.0,1.0,43.333333333333336,193.0,83.06666666666666,9.0,21,MF,16500000
James Milner,2015-2016,Liverpool,5.0,11.0,16.0,28.205128205128204,131.0,86.21428571428571,9.0,29,MF,13200000
Joe Allen,2015-2016,Liverpool,2.0,1.0,3.0,33.33333333333333,51.0,38.47368421052632,0.0,25,MF,16500000
Jordan Henderson,2015-2016,Liverpool,2.0,3.0,5.0,23.07692307692308,81.0,76.05882352941177,1.0,25,MF,30800000
Jordon Ibe,2015-2016,Liverpool,1.0,0.0,1.0,20.689655172413797,10.0,43.407407407407405,0.0,19,MF,8800000
Kolo Touré,2015-2016,Liverpool,1.0,0.0,1.0,50.0,95.0,61.35714285714285,1.0,34,DF,1500000
Lucas Leiva,2015-2016,Liverpool,0.0,1.0,1.0,33.33333333333333,194.0,72.33333333333333,8.0,28,MF,7700000
Mamadou Sakho,2015-2016,Liverpool,1.0,0.0,1.0,16.666666666666664,226.0,84.31818181818181,1.0,25,DF,16200000
Martin Skrtel,2015-2016,Liverpool,1.0,0.0,1.0,30.0,231.0,85.72727272727273,5.0,31,DF,9000000
Nathaniel Clyne,2015-2016,Liverpool,1.0,0.0,1.0,20.689655172413797,201.0,90.0,6.0,24,DF,18900000
Philippe Coutinho,2015-2016,Liverpool,8.0,5.0,13.0,27.027027027027028,60.0,77.03846153846153,5.0,23,FW,31500000
Roberto Firmino,2015-2016,Liverpool,10.0,7.0,17.0,39.68253968253968,97.0,90.04545454545455,1.0,23,FW,31500000
Aleksandar Kolarov,2015-2016,Manchester City,3.0,3.0,6.0,25.64102564102564,159.0,78.65517241379311,3.0,29,DF,9900000
Bacary Sagna,2015-2016,Manchester City,0.0,3.0,3.0,40.0,206.0,87.42857142857143,4.0,32,DF,6300000
David Silva,2015-2016,Manchester City,2.0,11.0,13.0,13.79310344827586,55.0,90.0,1.0,29,MF,33000000
Eliaquim Mangala,2015-2016,Manchester City,0.0,0.0,0.0,14.285714285714285,225.0,91.36363636363636,8.0,24,DF,20600000
Fabian Delph,2015-2016,Manchester City,2.0,0.0,2.0,0.0,58.0,44.294117647058826,0.0,25,MF,16500000
Fernandinho,2015-2016,Manchester City,2.0,2.0,4.0,0.0,212.0,82.78787878787878,8.0,30,MF,19800000
Fernando,2015-2016,Manchester City,2.0,0.0,2.0,0.0,144.0,89.3157894736842,4.0,28,MF,11000000
Gaël Clichy,2015-2016,Manchester City,0.0,0.0,0.0,0.0,121.0,77.71428571428571,0.0,30,DF,8100000
Jesús Navas,2015-2016,Manchester City,0.0,7.0,7.0,25.806451612903224,61.0,67.02941176470588,1.0,30,FW,18000000
Kelechi Iheanacho,2015-2016,Manchester City,8.0,1.0,9.0,42.85714285714285,23.0,28.884615384615383,1.0,18,FW,6300000
Kevin De Bruyne,2015-2016,Manchester City,7.0,9.0,16.0,51.02040816326531,59.0,80.12,2.0,24,MF,71500000
Martín Demichelis,2015-2016,Manchester City,0.0,0.0,0.0,0.0,135.0,50.75,3.0,34,MF,3850000
Nicolás Otamendi,2015-2016,Manchester City,1.0,0.0,1.0,29.629629629629623,416.0,89.06666666666666,9.0,27,DF,28500000
Pablo Zabaleta,2015-2016,Manchester City,0.0,0.0,0.0,33.33333333333333,105.0,81.6923076923077,3.0,30,DF,9000000
Raheem Sterling,2015-2016,Manchester City,6.0,2.0,8.0,42.30769230769231,53.0,62.096774193548384,1.0,20,FW,40500000
Samir Nasri,2015-2016,Manchester City,9.0,2.0,11.0,29.577464788732392,68.0,75.41176470588235,1.0,28,FW,13500000
Sergio Agüero,2015-2016,Manchester City,24.0,2.0,26.0,43.69747899159664,22.0,79.1,1.0,27,FW,54000000
Vincent Kompany,2015-2016,Manchester City,2.0,0.0,2.0,27.27272727272727,125.0,84.21428571428571,5.0,29,DF,27000000
Wilfried Bony,2015-2016,Manchester City,4.0,3.0,7.0,28.33333333333333,20.0,47.03846153846154,1.0,26,FW,19800000
Yaya Toure,2015-2016,Manchester City,6.0,5.0,11.0,29.87012987012987,103.0,89.65384615384616,3.0,32,MF,17600000
Ander Herrera,2015-2016,Manchester United,3.0,0.0,3.0,25.0,103.0,56.74074074074074,4.0,25,MF,30800000
Anthony Martial,2015-2016,Manchester United,11.0,4.0,15.0,43.85964912280701,52.0,90.75862068965516,2.0,19,FW,28500000
Antonio Valencia,2015-2016,Manchester United,0.0,3.0,3.0,16.666666666666664,66.0,61.07142857142857,1.0,29,DF,7200000
Ashley Young,2015-2016,Manchester United,0.0,2.0,2.0,42.85714285714285,64.0,59.05555555555556,5.0,30,DF,9000000
Bastian Schweinsteiger,2015-2016,Manchester United,1.0,0.0,1.0,25.0,78.0,66.77777777777777,3.0,30,MF,10800000
Cameron Borthwick-Jackson,2015-2016,Manchester United,5.0,0.0,5.0,47.05882352941176,8.0,59.38461538461539,0.0,18,DF,2700000
Chris Smalling,2015-2016,Manchester United,0.0,1.0,1.0,11.11111111111111,351.0,90.0,8.0,25,DF,18000000
Daley Blind,2015-2016,Manchester United,1.0,0.0,1.0,50.0,314.0,89.05714285714286,2.0,25,DF,19800000
Jesse Lingard,2015-2016,Manchester United,4.0,1.0,5.0,41.935483870967744,65.0,65.4,4.0,22,MF,13200000
Juan Mata,2015-2016,Manchester United,6.0,5.0,11.0,38.59649122807017,72.0,76.26315789473684,7.0,27,FW,27900000
Marcos Rojo,2015-2016,Manchester United,0.0,1.0,1.0,12.5,108.0,78.3125,3.0,25,DF,17100000
Marcus Rashford,2015-2016,Manchester United,5.0,2.0,7.0,50.0,22.0,78.27272727272727,0.0,17,FW,5400000
Marouane Fellaini,2015-2016,Manchester United,1.0,0.0,1.0,34.78260869565217,59.0,59.333333333333336,2.0,27,MF,13200000
Matteo Darmian,2015-2016,Manchester United,1.0,0.0,1.0,16.666666666666664,181.0,68.92857142857143,8.0,25,DF,13500000
Memphis Depay,2015-2016,Manchester United,2.0,0.0,2.0,29.82456140350877,32.0,50.82758620689656,2.0,21,FW,22500000
Michael Carrick,2015-2016,Manchester United,0.0,0.0,0.0,14.285714285714285,126.0,70.53571428571429,4.0,34,MF,1650000
Morgan Schneiderlin,2015-2016,Manchester United,1.0,0.0,1.0,9.090909090909092,198.0,76.0,3.0,25,MF,24200000
Phil Jones,2015-2016,Manchester United,0.0,0.0,0.0,0.0,47.0,52.8,0.0,23,DF,12600000
Wayne Rooney,2015-2016,Manchester United,8.0,6.0,14.0,34.72222222222222,60.0,86.07142857142857,4.0,29,FW,31500000
Aleksandar Mitrovic,2015-2016,Newcastle United,9.0,4.0,13.0,37.9746835443038,69.0,62.14705882352941,10.0,21,FW,13800000
Andros Townsend,2015-2016,Newcastle United,4.0,2.0,6.0,55.172413793103445,50.0,72.0625,0.0,24,FW,9900000
Ayoze Pérez,2015-2016,Newcastle United,6.0,2.0,8.0,32.0,100.0,60.14705882352941,4.0,22,FW,8800000
Chancel Mbemba,2015-2016,Newcastle United,0.0,0.0,0.0,0.0,429.0,88.60606060606061,5.0,20,DF,9000000
Cheick Tioté,2015-2016,Newcastle United,0.0,0.0,0.0,0.0,122.0,61.25,5.0,29,MF,5500000
Daryl Janmaat,2015-2016,Newcastle United,2.0,4.0,6.0,42.10526315789473,227.0,88.87096774193549,8.0,26,DF,6750000
Fabricio Coloccini,2015-2016,Newcastle United,1.0,0.0,1.0,30.0,230.0,88.1923076923077,5.0,33,DF,1800000
Florian Thauvin,2015-2016,Newcastle United,0.0,0.0,0.0,12.5,17.0,32.30769230769231,1.0,22,FW,13100000
Georginio Wijnaldum,2015-2016,Newcastle United,11.0,5.0,16.0,53.70370370370371,87.0,83.36842105263158,1.0,24,MF,30800000
Jack Colback,2015-2016,Newcastle United,1.0,0.0,1.0,26.666666666666668,196.0,82.62068965517241,11.0,25,MF,5500000
Jamaal Lascelles,2015-2016,Newcastle United,2.0,0.0,2.0,100.0,130.0,63.77777777777778,4.0,21,DF,3600000
Moussa Sissoko,2015-2016,Newcastle United,1.0,7.0,8.0,31.57894736842105,130.0,87.05405405405405,3.0,25,MF,22000000
Papiss Cissé,2015-2016,Newcastle United,3.0,0.0,3.0,39.130434782608695,24.0,50.95238095238095,1.0,30,FW,4500000
Paul Dummett,2015-2016,Newcastle United,1.0,0.0,1.0,20.0,196.0,90.28571428571428,3.0,23,DF,3850000
Rolando Aarons,2015-2016,Newcastle United,1.0,1.0,2.0,50.0,31.0,37.7,1.0,19,MF,1000000
Siem de Jong,2015-2016,Newcastle United,0.0,0.0,0.0,37.5,23.0,24.77777777777778,0.0,26,MF,6000000
Steven Taylor,2015-2016,Newcastle United,0.0,0.0,0.0,0.0,69.0,81.0,1.0,29,DF,1250000
Vurnon Anita,2015-2016,Newcastle United,1.0,3.0,4.0,25.0,178.0,75.21428571428571,6.0,26,MF,3600000
Alexander Tettey,2015-2016,Norwich City,2.0,0.0,2.0,15.0,145.0,84.8695652173913,10.0,29,MF,3150000
Andre Wisdom,2015-2016,Norwich City,0.0,0.0,0.0,0.0,50.0,82.3,1.0,22,DF,2700000
Cameron Jerome,2015-2016,Norwich City,0.0,0.0,0.0,100.0,40.0,69.2,0.0,28,FW,2250000
Dieudonne Mbokani Bezua,2015-2016,Norwich City,7.0,1.0,8.0,54.054054054054056,37.0,54.75862068965517,0.0,30,FW,6300000
Gary O'Neil,2015-2016,Norwich City,0.0,0.0,0.0,0.0,114.0,64.77777777777777,7.0,32,MF,5400000
Graham Dorrans,2015-2016,Norwich City,0.0,0.0,0.0,18.75,63.0,61.285714285714285,2.0,28,MF,38500000
Ivo Pinto,2015-2016,Norwich City,0.0,0.0,0.0,0.0,68.0,81.1,0.0,25,DF,3600000
Jonny Howson,2015-2016,Norwich City,3.0,4.0,7.0,25.71428571428571,193.0,82.02777777777777,7.0,27,MF,30800000
Martin Olsson,2015-2016,Norwich City,1.0,2.0,3.0,85.71428571428571,122.0,88.65,2.0,27,DF,3850000
Matthew Jarvis,2015-2016,Norwich City,1.0,1.0,2.0,40.0,25.0,49.68181818181818,0.0,29,FW,2700000
Nathan Redmond,2015-2016,Norwich City,6.0,3.0,9.0,31.48148148148148,57.0,66.77142857142857,0.0,21,MF,16500000
Patrick Bamford,2015-2016,Norwich City,0.0,0.0,0.0,40.0,10.0,27.307692307692307,0.0,21,MF,5500000
Robbie Brady,2015-2016,Norwich City,3.0,0.0,3.0,35.84905660377358,250.0,82.97222222222223,3.0,23,FW,5400000
Russell Martin,2015-2016,Norwich City,3.0,0.0,3.0,33.33333333333333,302.0,89.93333333333334,7.0,29,DF,2700000
Ryan Bennett,2015-2016,Norwich City,0.0,0.0,0.0,37.5,242.0,83.54545454545455,7.0,25,DF,1800000
Sebastien Bassong,2015-2016,Norwich City,2.0,0.0,2.0,0.0,194.0,84.57142857142857,5.0,29,DF,2700000
Steven Naismith,2015-2016,Norwich City,4.0,1.0,5.0,36.0,38.0,88.66666666666667,3.0,28,FW,5400000
Timm Klose,2015-2016,Norwich City,1.0,0.0,1.0,33.33333333333333,150.0,84.9,3.0,27,DF,4950000
Vadis Odjidja-Ofoe,2015-2016,Norwich City,0.0,2.0,2.0,33.33333333333333,17.0,27.5,2.0,26,MF,5250000
Wes Hoolahan,2015-2016,Norwich City,4.0,8.0,12.0,30.76923076923077,43.0,66.83333333333333,1.0,33,MF,1800000
Cuco Martina,2015-2016,Southampton,1.0,1.0,2.0,0.0,98.0,72.26666666666667,1.0,25,DF,1800000
Cédric Soares,2015-2016,Southampton,2.0,0.0,2.0,0.0,39.0,90.0,3.0,23,DF,9900000
Dusan Tadic,2015-2016,Southampton,7.0,12.0,19.0,28.57142857142857,79.0,67.3529411764706,2.0,27,FW,15300000
Graziano Pellè,2015-2016,Southampton,11.0,6.0,17.0,30.8641975308642,54.0,72.43333333333334,6.0,30,FW,12900000
James Ward-Prowse,2015-2016,Southampton,2.0,4.0,6.0,25.0,79.0,46.45454545454545,5.0,20,MF,16500000
Jay Rodriguez,2015-2016,Southampton,0.0,0.0,0.0,35.294117647058826,10.0,28.83333333333333,1.0,26,FW,11600000
Jordy Clasie,2015-2016,Southampton,0.0,0.0,0.0,7.142857142857142,130.0,70.5,5.0,24,MF,11000000
José Fonte,2015-2016,Southampton,0.0,0.0,0.0,28.57142857142857,67.0,75.0,3.0,31,DF,4500000
Juanmi,2015-2016,Southampton,0.0,0.0,0.0,20.0,1.0,13.416666666666666,0.0,22,MF,4400000
Matt Targett,2015-2016,Southampton,0.0,0.0,0.0,66.66666666666666,79.0,76.35714285714286,1.0,19,DF,2700000
Maya Yoshida,2015-2016,Southampton,0.0,0.0,0.0,100.0,122.0,50.7,0.0,26,DF,3600000
Oriol Romeu,2015-2016,Southampton,1.0,0.0,1.0,28.57142857142857,158.0,55.37931034482759,7.0,23,MF,11000000
Ryan Bertrand,2015-2016,Southampton,1.0,3.0,4.0,16.666666666666664,210.0,90.0,6.0,25,DF,12600000
Sadio Mané,2015-2016,Southampton,1.0,3.0,4.0,22.22222222222222,176.0,85.21428571428571,4.0,23,FW,27000000
Shane Long,2015-2016,Southampton,10.0,4.0,14.0,34.92063492063492,59.0,75.39285714285714,2.0,28,FW,9000000
Steven Davis,2015-2016,Southampton,5.0,3.0,8.0,45.0,146.0,76.79411764705883,4.0,30,MF,6600000
Victor Wanyama,2015-2016,Southampton,1.0,0.0,1.0,16.129032258064516,230.0,83.33333333333333,13.0,24,MF,16500000
Virgil van Dijk,2015-2016,Southampton,3.0,0.0,3.0,33.33333333333333,437.0,90.0,2.0,24,DF,10800000
Bojan,2015-2016,Stoke City,7.0,1.0,8.0,41.66666666666667,34.0,63.2962962962963,2.0,25,FW,9000000
Charlie Adam,2015-2016,Stoke City,1.0,1.0,2.0,13.79310344827586,48.0,47.36363636363637,9.0,29,MF,4050000
Erik Pieters,2015-2016,Stoke City,0.0,1.0,1.0,20.0,322.0,88.45714285714286,10.0,26,DF,6300000
Geoff Cameron,2015-2016,Stoke City,0.0,0.0,0.0,13.333333333333334,233.0,78.7,3.0,30,DF,2700000
Giannelli Imbula,2015-2016,Stoke City,2.0,0.0,2.0,0.0,28.0,90.0,4.0,22,MF,13200000
Glen Johnson,2015-2016,Stoke City,0.0,3.0,3.0,0.0,132.0,87.44,1.0,30,DF,6300000
Glenn Whelan,2015-2016,Stoke City,0.0,0.0,0.0,27.27272727272727,265.0,85.75675675675676,6.0,31,MF,2250000
Ibrahim Afellay,2015-2016,Stoke City,2.0,2.0,4.0,20.51282051282051,51.0,91.52173913043478,6.0,29,FW,4500000
Jonathan Walters,2015-2016,Stoke City,5.0,3.0,8.0,40.625,45.0,63.851851851851855,1.0,31,FW,3150000
Joselu,2015-2016,Stoke City,4.0,1.0,5.0,55.172413793103445,32.0,49.54545454545455,0.0,25,FW,5400000
Mame Biram Diouf,2015-2016,Stoke City,5.0,0.0,5.0,51.61290322580645,42.0,48.80769230769231,3.0,27,FW,7200000
Marc Muniesa,2015-2016,Stoke City,0.0,0.0,0.0,0.0,118.0,74.06666666666666,2.0,23,DF,3500000
Marco van Ginkel,2015-2016,Stoke City,0.0,0.0,0.0,16.666666666666664,66.0,44.23529411764706,0.0,22,MF,15000000
Peter Crouch,2015-2016,Stoke City,0.0,0.0,0.0,42.85714285714285,16.0,41.54545454545455,0.0,34,FW,1350000
Phil Bardsley,2015-2016,Stoke City,0.0,1.0,1.0,28.57142857142857,89.0,74.18181818181819,1.0,30,DF,1350000
Philipp Wollscheid,2015-2016,Stoke City,0.0,0.0,0.0,0.0,332.0,86.61290322580645,2.0,26,DF,6750000
Ryan Shawcross,2015-2016,Stoke City,0.0,0.0,0.0,0.0,195.0,84.85,2.0,27,DF,9900000
Stephen Ireland,2015-2016,Stoke City,0.0,1.0,1.0,0.0,14.0,17.76923076923077,2.0,28,MF,1350000
Xherdan Shaqiri,2015-2016,Stoke City,3.0,6.0,9.0,27.500000000000004,35.0,75.11111111111111,3.0,23,MF,16500000
Adam Johnson,2015-2016,Sunderland,2.0,5.0,7.0,18.75,29.0,60.10526315789474,3.0,28,MF,6750000
Billy Jones,2015-2016,Sunderland,1.0,1.0,2.0,28.57142857142857,187.0,84.70833333333333,8.0,28,DF,1350000
Dame N'Doye,2015-2016,Sunderland,1.0,0.0,1.0,44.44444444444444,25.0,51.54545454545455,2.0,30,FW,2700000
Danny Graham,2015-2016,Sunderland,0.0,0.0,0.0,0.0,15.0,35.8,0.0,29,FW,1350000
DeAndre Yedlin,2015-2016,Sunderland,0.0,0.0,0.0,25.0,166.0,78.78260869565217,2.0,22,DF,2700000
Duncan Watmore,2015-2016,Sunderland,3.0,0.0,3.0,57.14285714285714,13.0,39.43478260869565,0.0,21,FW,2250000
Fabio Borini,2015-2016,Sunderland,5.0,0.0,5.0,37.5,78.0,73.03846153846153,6.0,24,FW,4500000
Jack Rodwell,2015-2016,Sunderland,1.0,0.0,1.0,28.000000000000004,63.0,52.63636363636363,5.0,24,DF,6300000
Jan Kirchhoff,2015-2016,Sunderland,0.0,0.0,0.0,0.0,138.0,72.2,0.0,24,DF,2700000
Jeremain Lens,2015-2016,Sunderland,3.0,3.0,6.0,26.923076923076923,49.0,64.65,6.0,27,FW,9900000
Jermain Defoe,2015-2016,Sunderland,15.0,0.0,15.0,45.88235294117647,21.0,77.27272727272727,3.0,32,FW,5850000
John O'Shea,2015-2016,Sunderland,0.0,0.0,0.0,42.85714285714285,265.0,71.71428571428571,2.0,34,DF,900000
Lamine Koné,2015-2016,Sunderland,2.0,1.0,3.0,40.0,209.0,87.66666666666667,0.0,26,DF,5400000
Lee Cattermole,2015-2016,Sunderland,0.0,0.0,0.0,9.090909090909092,158.0,88.64,8.0,27,MF,3500000
Ola Toivonen,2015-2016,Sunderland,0.0,2.0,2.0,14.285714285714285,24.0,55.25,1.0,29,MF,18000000
Patrick van Aanholt,2015-2016,Sunderland,4.0,3.0,7.0,19.565217391304348,260.0,90.0,2.0,24,DF,5400000
Sebastian Larsson,2015-2016,Sunderland,0.0,0.0,0.0,33.33333333333333,185.0,76.8125,4.0,30,DF,2250000
Sebastián Coates,2015-2016,Sunderland,2.0,0.0,2.0,41.17647058823529,26.0,59.11111111111112,0.0,24,DF,4500000
Steven Fletcher,2015-2016,Sunderland,4.0,0.0,4.0,40.0,22.0,63.5,0.0,28,FW,2700000
Wahbi Khazri,2015-2016,Sunderland,2.0,1.0,3.0,0.0,49.0,76.92857142857143,3.0,24,FW,8100000
Yann M'Vila,2015-2016,Sunderland,1.0,4.0,5.0,0.0,304.0,86.16216216216216,1.0,25,MF,8200000
Younes Kaboul,2015-2016,Sunderland,0.0,1.0,1.0,33.33333333333333,311.0,91.3181818181818,6.0,29,DF,2200000
Alberto Paloschi,2015-2016,Swansea City,2.0,0.0,2.0,46.66666666666666,19.0,66.9,2.0,25,FW,5400000
André Ayew,2015-2016,Swansea City,12.0,0.0,12.0,40.298507462686565,93.0,86.38235294117646,5.0,25,FW,16200000
Angel Rangel,2015-2016,Swansea City,0.0,0.0,0.0,0.0,181.0,91.05,6.0,33,DF,1650000
Ashley Williams,2015-2016,Swansea City,2.0,0.0,2.0,0.0,524.0,90.0,8.0,30,DF,5850000
Bafétimbi Gomis,2015-2016,Swansea City,6.0,0.0,6.0,28.8135593220339,32.0,51.333333333333336,0.0,29,FW,6300000
Federico Fernández,2015-2016,Swansea City,1.0,1.0,2.0,0.0,378.0,90.0,3.0,26,DF,8100000
Gylfi Sigurdsson,2015-2016,Swansea City,11.0,3.0,14.0,36.36363636363637,89.0,81.02777777777777,6.0,26,MF,25000000
Jack Cork,2015-2016,Swansea City,1.0,0.0,1.0,31.57894736842105,239.0,72.68571428571428,3.0,26,MF,5500000
Jefferson Montero,2015-2016,Swansea City,0.0,2.0,2.0,30.0,32.0,90.46666666666668,0.0,25,FW,5000000
Jonjo Shelvey,2015-2016,Swansea City,1.0,5.0,6.0,28.57142857142857,107.0,73.16129032258064,8.0,23,MF,16500000
Ki Sung-yueng,2015-2016,Swansea City,2.0,1.0,3.0,29.166666666666668,82.0,66.03571428571429,4.0,26,MF,7700000
Kyle Naughton,2015-2016,Swansea City,0.0,3.0,3.0,25.0,153.0,65.29629629629629,2.0,26,DF,4500000
Leon Britton,2015-2016,Swansea City,0.0,0.0,0.0,0.0,126.0,61.04,4.0,32,MF,1100000
Leroy Fer,2015-2016,Swansea City,0.0,0.0,0.0,20.0,51.0,68.81818181818181,2.0,25,MF,8800000
Modou Barrow,2015-2016,Swansea City,1.0,0.0,1.0,36.36363636363637,31.0,35.5,0.0,22,FW,2700000
Neil Taylor,2015-2016,Swansea City,0.0,0.0,0.0,0.0,184.0,86.67647058823529,4.0,26,DF,5500000
Wayne Routledge,2015-2016,Swansea City,2.0,1.0,3.0,50.0,45.0,60.0,3.0,30,MF,3300000
Éder,2015-2016,Swansea City,0.0,0.0,0.0,20.0,11.0,20.692307692307693,0.0,27,FW,4500000
Adlene Guedioura,2015-2016,Watford,0.0,0.0,0.0,23.07692307692308,31.0,23.38888888888889,2.0,29,MF,1100000
Allan-Romeo Nyom,2015-2016,Watford,0.0,1.0,1.0,14.285714285714285,221.0,88.35714285714286,8.0,27,DF,3600000
Almen Abdi,2015-2016,Watford,2.0,0.0,2.0,25.64102564102564,142.0,62.0,4.0,28,MF,3750000
Ben Watson,2015-2016,Watford,2.0,0.0,2.0,23.52941176470588,234.0,80.42857142857143,4.0,30,MF,1350000
Craig Cathcart,2015-2016,Watford,1.0,0.0,1.0,40.0,304.0,86.65714285714286,3.0,26,DF,3600000
Etienne Capoue,2015-2016,Watford,0.0,0.0,0.0,22.857142857142858,229.0,85.51515151515152,7.0,27,MF,9900000
Ikechi Anya,2015-2016,Watford,0.0,1.0,1.0,10.0,96.0,60.0,0.0,27,MF,44000000
José Holebas,2015-2016,Watford,2.0,0.0,2.0,40.0,390.0,85.62162162162163,7.0,31,DF,1800000
José Manuel Jurado,2015-2016,Watford,0.0,0.0,0.0,7.6923076923076925,90.0,85.9090909090909,2.0,29,MF,10000000
Juan Carlos Paredes,2015-2016,Watford,0.0,0.0,0.0,20.0,45.0,45.05882352941177,1.0,28,MF,33000000
Mario Suárez,2015-2016,Watford,0.0,0.0,0.0,12.5,50.0,49.6,2.0,28,MF,7700000
Miguel Britos,2015-2016,Watford,0.0,0.0,0.0,0.0,226.0,86.5,7.0,30,DF,3150000
Nathan Ake,2015-2016,Watford,1.0,0.0,1.0,0.0,235.0,78.08333333333333,7.0,20,DF,4500000
Nordin Amrabat,2015-2016,Watford,0.0,0.0,0.0,42.85714285714285,10.0,41.75,5.0,28,MF,4950000
Odion Ighalo,2015-2016,Watford,15.0,3.0,18.0,44.03669724770643,71.0,85.16216216216216,4.0,26,FW,10800000
Sebastian Prödl,2015-2016,Watford,0.0,1.0,1.0,14.285714285714285,33.0,30.38888888888889,2.0,28,MF,4400000
Troy Deeney,2015-2016,Watford,13.0,7.0,20.0,34.04255319148936,118.0,86.60526315789474,6.0,27,FW,9900000
Valon Behrami,2015-2016,Watford,0.0,0.0,0.0,0.0,130.0,60.95238095238095,6.0,30,MF,2750000
Callum McManaman,2015-2016,West Bromwich Albion,2.0,3.0,5.0,0.0,318.0,86.54054054054055,7.0,24,FW,3600000
Chris Brunt,2015-2016,West Bromwich Albion,0.0,3.0,3.0,23.52941176470588,143.0,81.95454545454545,7.0,30,MF,4400000
Claudio Yacob,2015-2016,West Bromwich Albion,0.0,0.0,0.0,0.0,307.0,83.94117647058823,8.0,28,MF,4400000
Craig Dawson,2015-2016,West Bromwich Albion,4.0,0.0,4.0,21.052631578947366,333.0,89.07894736842105,3.0,25,DF,5400000
Craig Gardner,2015-2016,West Bromwich Albion,3.0,3.0,6.0,26.08695652173913,107.0,59.794117647058826,5.0,28,MF,6600000
Darren Fletcher,2015-2016,West Bromwich Albion,1.0,3.0,4.0,18.181818181818183,148.0,88.78947368421052,3.0,31,MF,1800000
Gareth McAuley,2015-2016,West Bromwich Albion,1.0,0.0,1.0,42.85714285714285,340.0,89.97058823529412,7.0,35,DF,900000
James Chester,2015-2016,West Bromwich Albion,0.0,0.0,0.0,0.0,111.0,74.0,5.0,26,DF,4500000
James McClean,2015-2016,West Bromwich Albion,2.0,2.0,4.0,29.03225806451613,162.0,68.91428571428571,10.0,26,MF,2700000
James Morrison,2015-2016,West Bromwich Albion,3.0,3.0,6.0,50.0,85.0,74.61111111111111,3.0,29,MF,4500000
Jonas Olsson,2015-2016,West Bromwich Albion,1.0,1.0,2.0,33.33333333333333,220.0,72.0,5.0,32,DF,1350000
Jonny Evans,2015-2016,West Bromwich Albion,1.0,1.0,2.0,14.285714285714285,298.0,86.43333333333334,4.0,27,DF,5400000
Rickie Lambert,2015-2016,West Bromwich Albion,1.0,1.0,2.0,28.57142857142857,6.0,32.473684210526315,2.0,33,FW,2250000
Salomón Rondón,2015-2016,West Bromwich Albion,11.0,6.0,17.0,39.53488372093023,103.0,70.37837837837837,10.0,25,FW,15300000
Stéphane Sessègnon,2015-2016,West Bromwich Albion,2.0,2.0,4.0,32.25806451612903,40.0,70.32,1.0,31,FW,1800000
Sébastien Pocognoli,2015-2016,West Bromwich Albion,1.0,0.0,1.0,15.0,355.0,87.15625,4.0,27,DF,675000
Victor Anichebe,2015-2016,West Bromwich Albion,0.0,0.0,0.0,30.76923076923077,12.0,36.5,0.0,27,FW,1800000
Aaron Cresswell,2015-2016,West Ham United,2.0,4.0,6.0,25.0,213.0,89.5945945945946,1.0,25,DF,13200000
Alexandre Song,2015-2016,West Ham United,0.0,0.0,0.0,0.0,59.0,54.833333333333336,1.0,28,MF,6600000
Andy Carroll,2015-2016,West Ham United,9.0,0.0,9.0,44.642857142857146,51.0,53.11111111111112,2.0,26,FW,9000000
Angelo Ogbonna,2015-2016,West Ham United,0.0,0.0,0.0,0.0,273.0,83.14285714285714,5.0,27,DF,8100000
Cheikhou Kouyaté,2015-2016,West Ham United,5.0,2.0,7.0,40.0,242.0,88.5,8.0,25,MF,13200000
Diafra Sakho,2015-2016,West Ham United,5.0,1.0,6.0,37.5,43.0,72.61904761904762,3.0,25,FW,10800000
Dimitri Payet,2015-2016,West Ham United,9.0,12.0,21.0,40.57971014492754,49.0,85.7,3.0,28,FW,20700000
Emmanuel Emenike,2015-2016,West Ham United,0.0,0.0,0.0,0.0,11.0,39.15384615384615,0.0,28,FW,9000000
Enner Valencia,2015-2016,West Ham United,4.0,2.0,6.0,35.294117647058826,45.0,53.10526315789474,1.0,25,FW,9000000
James Collins,2015-2016,West Ham United,0.0,0.0,0.0,30.76923076923077,210.0,75.78947368421052,6.0,31,DF,2200000
James Tomkins,2015-2016,West Ham United,0.0,0.0,0.0,11.11111111111111,227.0,78.52,4.0,26,DF,6300000
Manuel Lanzini,2015-2016,West Ham United,6.0,2.0,8.0,22.916666666666664,65.0,73.84615384615384,3.0,22,MF,16500000
Mark Noble,2015-2016,West Ham United,7.0,4.0,11.0,35.294117647058826,217.0,86.5945945945946,8.0,28,MF,7700000
Marko Arnautovic,2015-2016,West Ham United,11.0,6.0,17.0,31.428571428571427,95.0,82.88235294117646,2.0,26,FW,9000000
Mauro Zárate,2015-2016,West Ham United,3.0,0.0,3.0,37.93103448275862,40.0,52.66666666666666,1.0,28,FW,2700000
Michail Antonio,2015-2016,West Ham United,8.0,3.0,11.0,37.03703703703704,143.0,79.3076923076923,3.0,25,FW,9900000
Nikica Jelavic,2015-2016,West Ham United,1.0,0.0,1.0,9.090909090909092,10.0,26.07692307692308,1.0,30,FW,3600000
Pedro Obiang,2015-2016,West Ham United,0.0,1.0,1.0,12.5,110.0,89.91666666666667,2.0,23,MF,9000000
Sam Byram,2015-2016,West Ham United,4.0,0.0,4.0,31.428571428571427,27.0,91.63157894736842,0.0,21,MF,4500000
Victor Moses,2015-2016,West Ham United,1.0,2.0,3.0,18.181818181818183,26.0,46.71428571428572,0.0,24,FW,6300000
Winston Reid,2015-2016,West Ham United,1.0,1.0,2.0,0.0,302.0,89.0,5.0,27,DF,9000000
Aaron Ramsey,2016-2017,Arsenal,1.0,4.0,5.0,28.57142857142857,49.0,53.43478260869565,3.0,25,MF,38500000
Alex Iwobi,2016-2017,Arsenal,3.0,3.0,6.0,28.205128205128204,35.0,56.23076923076923,1.0,20,FW,9000000
Alex Oxlade-Chamberlain,2016-2017,Arsenal,2.0,7.0,9.0,28.57142857142857,72.0,53.86206896551724,1.0,22,MF,24200000
Alexis Sanchez,2016-2017,Arsenal,24.0,10.0,34.0,37.98449612403101,82.0,84.8157894736842,6.0,28,FW,58500000
Danny Welbeck,2016-2017,Arsenal,2.0,2.0,4.0,42.10526315789473,25.0,46.625,0.0,25,FW,13500000
Francis Coquelin,2016-2017,Arsenal,0.0,0.0,0.0,21.428571428571427,163.0,61.55172413793103,5.0,25,MF,33000000
Gabriel Paulista,2016-2017,Arsenal,0.0,0.0,0.0,22.22222222222222,149.0,79.78947368421052,6.0,25,DF,11700000
Granit Xhaka,2016-2017,Arsenal,2.0,2.0,4.0,26.47058823529412,153.0,77.6875,11.0,23,MF,44000000
Hector Bellerin,2016-2017,Arsenal,1.0,4.0,5.0,22.727272727272727,113.0,75.72727272727273,4.0,21,DF,30000000
Kieran Gibbs,2016-2017,Arsenal,0.0,1.0,1.0,40.0,56.0,63.81818181818182,3.0,26,DF,9000000
Laurent Koscielny,2016-2017,Arsenal,2.0,0.0,2.0,44.44444444444444,362.0,85.54545454545455,4.0,30,DF,19800000
Lucas Pérez,2016-2017,Arsenal,1.0,0.0,1.0,44.44444444444444,6.0,24.09090909090909,0.0,28,FW,16700000
Mesut Özil,2016-2017,Arsenal,8.0,9.0,17.0,45.0,51.0,86.27272727272727,2.0,28,MF,55000000
Mohamed Elneny,2016-2017,Arsenal,0.0,1.0,1.0,13.333333333333334,35.0,49.57142857142857,1.0,24,MF,11000000
Nacho Monreal,2016-2017,Arsenal,0.0,2.0,2.0,16.666666666666664,288.0,87.58333333333333,5.0,30,DF,13000000
Olivier Giroud,2016-2017,Arsenal,12.0,3.0,15.0,51.28205128205128,43.0,41.172413793103445,2.0,29,FW,19800000
Shkodran Mustafi,2016-2017,Arsenal,2.0,2.0,4.0,25.0,249.0,87.5,11.0,24,DF,27000000
Theo Walcott,2016-2017,Arsenal,10.0,2.0,12.0,46.774193548387096,63.0,68.75,1.0,27,FW,24800000
Andre Gray,2016-2017,Burnley,9.0,3.0,12.0,40.42553191489361,16.0,70.84375,2.0,25,FW,9000000
Ashley Barnes,2016-2017,Burnley,6.0,2.0,8.0,42.22222222222222,58.0,63.392857142857146,9.0,26,FW,2250000
Ben Mee,2016-2017,Burnley,0.0,0.0,0.0,37.5,465.0,88.67647058823529,5.0,26,DF,5400000
Dean Marney,2016-2017,Burnley,0.0,2.0,2.0,25.0,108.0,84.28571428571429,7.0,32,MF,22000000
George Boyd,2016-2017,Burnley,2.0,1.0,3.0,17.647058823529413,163.0,79.0,3.0,30,MF,24200000
James Tarkowski,2016-2017,Burnley,0.0,0.0,0.0,0.0,74.0,29.26315789473684,1.0,23,DF,1800000
Jeff Hendrick,2016-2017,Burnley,2.0,1.0,3.0,19.35483870967742,116.0,84.21875,9.0,24,MF,9000000
Joey Barton,2016-2017,Burnley,1.0,0.0,1.0,25.0,85.0,78.85714285714286,4.0,33,MF,11000000
Johann Gudmundsson,2016-2017,Burnley,1.0,2.0,3.0,47.05882352941176,62.0,49.7,1.0,26,FW,2250000
Matthew Lowton,2016-2017,Burnley,0.0,2.0,2.0,33.33333333333333,370.0,90.0,9.0,27,DF,2250000
Michael Keane,2016-2017,Burnley,2.0,1.0,3.0,34.78260869565217,395.0,90.0,4.0,23,DF,16200000
Robbie Brady,2016-2017,Burnley,1.0,2.0,3.0,15.789473684210526,41.0,51.142857142857146,1.0,24,MF,9000000
Sam Vokes,2016-2017,Burnley,10.0,3.0,13.0,40.35087719298245,51.0,55.54054054054054,0.0,26,FW,4400000
Scott Arfield,2016-2017,Burnley,1.0,0.0,1.0,15.909090909090908,103.0,67.87096774193549,3.0,27,MF,3300000
Stephen Ward,2016-2017,Burnley,1.0,1.0,2.0,14.285714285714285,313.0,87.35135135135135,5.0,30,DF,1350000
Steven Defour,2016-2017,Burnley,1.0,3.0,4.0,75.0,66.0,51.333333333333336,1.0,28,MF,6600000
Branislav Ivanovic,2016-2017,Chelsea,0.0,0.0,0.0,28.57142857142857,48.0,44.92307692307692,2.0,32,DF,4500000
Cesar Azpilicueta,2016-2017,Chelsea,1.0,4.0,5.0,33.33333333333333,282.0,90.0,4.0,27,DF,30000000
Cesc Fàbregas,2016-2017,Chelsea,5.0,12.0,17.0,34.61538461538461,64.0,45.75862068965517,8.0,29,MF,38500000
David Luiz,2016-2017,Chelsea,0.0,0.0,0.0,32.25806451612903,291.0,89.57575757575758,6.0,29,DF,27000000
Diego Costa,2016-2017,Chelsea,20.0,7.0,27.0,37.83783783783784,67.0,88.25714285714285,10.0,27,FW,45000000
Eden Hazard,2016-2017,Chelsea,16.0,5.0,21.0,42.85714285714285,50.0,83.38888888888889,3.0,25,FW,67500000
Gary Cahill,2016-2017,Chelsea,6.0,0.0,6.0,41.66666666666667,285.0,89.08108108108108,5.0,30,DF,14400000
Marcos Alonso,2016-2017,Chelsea,6.0,3.0,9.0,34.78260869565217,181.0,86.90322580645162,2.0,25,DF,25000000
Michy Batshuayi,2016-2017,Chelsea,5.0,1.0,6.0,47.05882352941176,5.0,11.95,0.0,22,FW,22500000
N'Golo Kanté,2016-2017,Chelsea,1.0,1.0,2.0,25.925925925925924,254.0,89.68571428571428,9.0,25,MF,22000000
Nathaniel Chalobah,2016-2017,Chelsea,0.0,1.0,1.0,100.0,11.0,15.9,2.0,21,MF,3000000
Nemanja Matic,2016-2017,Chelsea,0.0,7.0,7.0,35.0,156.0,77.05714285714286,4.0,28,MF,44000000
Pedro,2016-2017,Chelsea,9.0,9.0,18.0,28.8135593220339,81.0,61.457142857142856,6.0,29,FW,25200000
Victor Moses,2016-2017,Chelsea,3.0,2.0,5.0,33.33333333333333,143.0,73.3529411764706,4.0,25,FW,16200000
Willian,2016-2017,Chelsea,8.0,2.0,10.0,34.090909090909086,31.0,44.97058823529412,3.0,27,FW,28800000
Andros Townsend,2016-2017,Crystal Palace,3.0,4.0,7.0,23.214285714285715,142.0,70.16666666666667,4.0,25,MF,13200000
Christian Benteke,2016-2017,Crystal Palace,15.0,2.0,17.0,38.095238095238095,64.0,87.13888888888889,10.0,25,FW,25200000
Chung-Yong Lee,2016-2017,Crystal Palace,0.0,1.0,1.0,50.0,21.0,31.066666666666663,0.0,28,FW,1350000
Damien Delaney,2016-2017,Crystal Palace,0.0,2.0,2.0,20.0,231.0,66.9,8.0,35,DF,900000
Fraizer Campbell,2016-2017,Crystal Palace,1.0,0.0,1.0,25.0,5.0,12.833333333333334,0.0,28,FW,1800000
James McArthur,2016-2017,Crystal Palace,5.0,3.0,8.0,26.08695652173913,115.0,69.3103448275862,5.0,28,MF,5400000
James Tomkins,2016-2017,Crystal Palace,3.0,0.0,3.0,28.57142857142857,202.0,82.33333333333333,4.0,27,DF,6300000
Jason Puncheon,2016-2017,Crystal Palace,0.0,5.0,5.0,24.444444444444443,153.0,85.94444444444444,9.0,30,MF,3300000
Jeffrey Schlupp,2016-2017,Crystal Palace,0.0,0.0,0.0,0.0,114.0,59.78947368421053,0.0,23,DF,7200000
Joe Ledley,2016-2017,Crystal Palace,1.0,0.0,1.0,33.33333333333333,82.0,64.5,1.0,29,MF,5000000
Joel Ward,2016-2017,Crystal Palace,0.0,1.0,1.0,14.285714285714285,292.0,89.94736842105263,7.0,26,DF,4500000
Luka Milivojevic,2016-2017,Crystal Palace,2.0,0.0,2.0,28.57142857142857,97.0,87.64285714285714,4.0,25,MF,16500000
Martin Kelly,2016-2017,Crystal Palace,0.0,2.0,2.0,0.0,219.0,73.37931034482759,4.0,26,MF,3300000
Scott Dann,2016-2017,Crystal Palace,3.0,1.0,4.0,47.61904761904761,170.0,75.82608695652173,2.0,29,DF,4500000
Wilfried Zaha,2016-2017,Crystal Palace,7.0,9.0,16.0,36.734693877551024,121.0,86.42857142857143,8.0,23,FW,16200000
Yohan Cabaye,2016-2017,Crystal Palace,4.0,3.0,7.0,27.500000000000004,158.0,66.625,7.0,30,MF,16500000
Aaron Lennon,2016-2017,Everton,0.0,1.0,1.0,0.0,26.0,46.27272727272727,0.0,29,MF,5500000
Ashley Williams,2016-2017,Everton,1.0,3.0,4.0,40.0,424.0,87.72222222222223,7.0,31,DF,7200000
Dominic Calvert-Lewin,2016-2017,Everton,1.0,0.0,1.0,14.285714285714285,20.0,31.363636363636363,1.0,19,MF,22000000
Enner Valencia,2016-2017,Everton,3.0,1.0,4.0,38.70967741935484,40.0,38.375,1.0,26,FW,9000000
Gareth Barry,2016-2017,Everton,2.0,1.0,3.0,41.17647058823529,184.0,64.0,10.0,35,MF,1000000
Gerard Deulofeu,2016-2017,Everton,0.0,0.0,0.0,42.85714285714285,10.0,41.54545454545455,1.0,22,FW,8100000
Gylfi Sigurdsson,2016-2017,Everton,9.0,13.0,22.0,43.103448275862064,106.0,87.57894736842105,2.0,27,MF,30000000
Idrissa Gueye,2016-2017,Everton,1.0,1.0,2.0,24.0,264.0,81.36363636363636,11.0,27,MF,22000000
James McCarthy,2016-2017,Everton,0.0,1.0,1.0,50.0,40.0,51.0,2.0,25,MF,2700000
Kevin Mirallas,2016-2017,Everton,4.0,6.0,10.0,37.704918032786885,36.0,59.42857142857143,2.0,28,MF,8250000
Leighton Baines,2016-2017,Everton,2.0,3.0,5.0,33.33333333333333,179.0,88.15625,4.0,31,DF,10800000
Mason Holgate,2016-2017,Everton,0.0,1.0,1.0,50.0,134.0,76.16666666666667,2.0,19,DF,4500000
Morgan Schneiderlin,2016-2017,Everton,1.0,0.0,1.0,37.5,89.0,62.94117647058823,2.0,26,MF,22000000
Phil Jagielka,2016-2017,Everton,3.0,2.0,5.0,42.85714285714285,316.0,83.29629629629629,4.0,33,DF,1800000
Ramiro Funes Mori,2016-2017,Everton,0.0,1.0,1.0,16.666666666666664,176.0,66.91304347826087,0.0,25,DF,10800000
Romelu Lukaku,2016-2017,Everton,25.0,6.0,31.0,50.0,40.0,88.29729729729729,3.0,23,FW,45000000
Ross Barkley,2016-2017,Everton,5.0,8.0,13.0,33.70786516853933,81.0,80.69444444444444,5.0,22,MF,25000000
Seamus Coleman,2016-2017,Everton,4.0,3.0,7.0,44.44444444444444,167.0,89.11538461538461,3.0,28,DF,15300000
Tom Davies,2016-2017,Everton,2.0,3.0,5.0,35.714285714285715,69.0,64.29166666666667,4.0,18,MF,8800000
Yannick Bolasie,2016-2017,Everton,1.0,4.0,5.0,22.22222222222222,31.0,75.14285714285714,3.0,27,MF,22000000
Abel Hernández,2016-2017,Hull City,4.0,3.0,7.0,46.15384615384615,14.0,59.5,0.0,25,FW,7200000
Adama Diomande,2016-2017,Hull City,2.0,0.0,2.0,26.08695652173913,39.0,53.13636363636363,1.0,26,FW,1350000
Ahmed El Mohamady,2016-2017,Hull City,0.0,2.0,2.0,22.22222222222222,189.0,76.36363636363636,6.0,29,DF,4400000
Alfred N'Diaye,2016-2017,Hull City,0.0,0.0,0.0,30.0,79.0,85.13333333333334,7.0,26,MF,5500000
Andrea Ranocchia,2016-2017,Hull City,2.0,2.0,4.0,62.5,176.0,83.0625,2.0,28,DF,5500000
Andrew Robertson,2016-2017,Hull City,1.0,2.0,3.0,14.285714285714285,198.0,82.9090909090909,5.0,22,DF,6300000
Curtis Davies,2016-2017,Hull City,0.0,2.0,2.0,30.0,340.0,82.1923076923077,4.0,31,DF,2750000
David Meyler,2016-2017,Hull City,0.0,0.0,0.0,37.5,71.0,47.7,2.0,27,MF,36300000
Dieudonne Mbokani Bezua,2016-2017,Hull City,0.0,1.0,1.0,28.57142857142857,11.0,63.583333333333336,0.0,31,FW,4500000
Evandro,2016-2017,Hull City,0.0,0.0,0.0,0.0,22.0,52.36363636363637,1.0,30,MF,11000000
Harry Maguire,2016-2017,Hull City,2.0,2.0,4.0,29.411764705882355,285.0,79.55172413793103,5.0,23,DF,7200000
Jake Livermore,2016-2017,Hull City,0.0,1.0,1.0,21.21212121212121,217.0,80.43243243243244,5.0,26,MF,9900000
Kamil Grosicki,2016-2017,Hull City,0.0,4.0,4.0,29.166666666666668,18.0,61.06666666666667,1.0,28,MF,3150000
Markus Henriksen,2016-2017,Hull City,0.0,0.0,0.0,0.0,35.0,42.2,1.0,24,MF,16500000
Michael Dawson,2016-2017,Hull City,3.0,0.0,3.0,66.66666666666666,206.0,78.22727272727273,4.0,32,DF,2750000
Oumar Niasse,2016-2017,Hull City,4.0,1.0,5.0,30.76923076923077,23.0,64.41176470588235,3.0,26,FW,8100000
Robert Snodgrass,2016-2017,Hull City,7.0,5.0,12.0,38.0,75.0,72.85714285714286,2.0,28,MF,7200000
Ryan Mason,2016-2017,Hull City,0.0,0.0,0.0,23.52941176470588,41.0,58.0,4.0,25,MF,9350000
Sam Clucas,2016-2017,Hull City,3.0,1.0,4.0,16.666666666666664,218.0,86.16216216216216,12.0,25,MF,2750000
Tom Huddlestone,2016-2017,Hull City,1.0,0.0,1.0,33.33333333333333,164.0,65.29032258064517,5.0,29,MF,5000000
Ahmed Musa,2016-2017,Leicester City,2.0,0.0,2.0,35.294117647058826,25.0,35.857142857142854,1.0,23,FW,15300000
Andy King,2016-2017,Leicester City,1.0,0.0,1.0,50.0,109.0,62.82608695652174,4.0,27,MF,3300000
Ben Chilwell,2016-2017,Leicester City,1.0,0.0,1.0,28.57142857142857,65.0,58.0,2.0,19,DF,2250000
Christian Fuchs,2016-2017,Leicester City,2.0,4.0,6.0,28.57142857142857,324.0,86.19444444444444,10.0,30,DF,5400000
Daniel Amartey,2016-2017,Leicester City,1.0,1.0,2.0,35.714285714285715,106.0,69.41666666666667,3.0,21,MF,11000000
Daniel Drinkwater,2016-2017,Leicester City,1.0,1.0,2.0,9.67741935483871,188.0,85.06896551724138,6.0,26,MF,22000000
Danny Simpson,2016-2017,Leicester City,0.0,2.0,2.0,0.0,271.0,85.42857142857143,12.0,29,DF,4500000
Demarai Gray,2016-2017,Leicester City,1.0,3.0,4.0,29.629629629629623,38.0,34.6,2.0,20,MF,22000000
Islam Slimani,2016-2017,Leicester City,7.0,4.0,11.0,37.142857142857146,21.0,55.60869565217392,1.0,28,FW,22500000
Jamie Vardy,2016-2017,Leicester City,13.0,5.0,18.0,49.0566037735849,32.0,80.22857142857143,2.0,29,FW,13500000
Leonardo Ulloa,2016-2017,Leicester City,1.0,0.0,1.0,45.45454545454545,22.0,27.1875,0.0,30,FW,5400000
Marc Albrighton,2016-2017,Leicester City,2.0,6.0,8.0,33.33333333333333,117.0,73.42424242424242,5.0,26,MF,11000000
Riyad Mahrez,2016-2017,Leicester City,6.0,3.0,9.0,38.15789473684211,82.0,78.75,4.0,25,FW,27000000
Robert Huth,2016-2017,Leicester City,2.0,2.0,4.0,34.61538461538461,330.0,88.75757575757575,9.0,31,DF,4500000
Shinji Okazaki,2016-2017,Leicester City,3.0,1.0,4.0,31.03448275862069,49.0,52.4,1.0,30,FW,6300000
Wes Morgan,2016-2017,Leicester City,0.0,0.0,0.0,21.428571428571427,245.0,90.0,3.0,32,DF,2700000
Wilfred Ndidi,2016-2017,Leicester City,2.0,1.0,3.0,19.35483870967742,164.0,89.52941176470588,0.0,19,DF,12600000
Yohan Benalouane,2016-2017,Leicester City,0.0,0.0,0.0,25.0,104.0,83.63636363636364,4.0,29,DF,1100000
Adam Lallana,2016-2017,Liverpool,8.0,7.0,15.0,40.0,94.0,75.6774193548387,3.0,28,MF,27500000
Alberto Moreno,2016-2017,Liverpool,0.0,1.0,1.0,0.0,25.0,24.83333333333333,1.0,24,DF,11000000
Daniel Sturridge,2016-2017,Liverpool,3.0,1.0,4.0,52.5,4.0,38.45,1.0,26,FW,18000000
Dejan Lovren,2016-2017,Liverpool,2.0,1.0,3.0,33.33333333333333,284.0,88.06896551724138,6.0,27,DF,15300000
Divock Origi,2016-2017,Liverpool,7.0,3.0,10.0,39.47368421052632,18.0,42.91176470588236,0.0,21,FW,10800000
Emre Can,2016-2017,Liverpool,5.0,2.0,7.0,24.444444444444443,153.0,74.0,6.0,22,MF,33000000
Georginio Wijnaldum,2016-2017,Liverpool,6.0,9.0,15.0,33.33333333333333,106.0,82.63888888888889,2.0,25,MF,33000000
James Milner,2016-2017,Liverpool,7.0,3.0,10.0,47.22222222222222,243.0,87.75,5.0,30,MF,16500000
Joel Matip,2016-2017,Liverpool,0.0,0.0,0.0,15.384615384615383,259.0,84.6896551724138,3.0,25,DF,22500000
Jordan Henderson,2016-2017,Liverpool,1.0,4.0,5.0,23.52941176470588,170.0,88.25,8.0,26,MF,38500000
Lazar Markovic,2016-2017,Liverpool,2.0,0.0,2.0,41.66666666666667,40.0,84.25,4.0,22,MF,19800000
Lucas Leiva,2016-2017,Liverpool,0.0,3.0,3.0,12.5,133.0,46.04166666666666,4.0,29,MF,49500000
Nathaniel Clyne,2016-2017,Liverpool,0.0,2.0,2.0,19.230769230769237,179.0,89.83783783783784,0.0,25,DF,18900000
Philippe Coutinho,2016-2017,Liverpool,13.0,7.0,20.0,35.84905660377358,58.0,72.35483870967742,2.0,24,FW,40500000
Ragnar Klavan,2016-2017,Liverpool,0.0,0.0,0.0,50.0,140.0,70.4,3.0,31,DF,3150000
Roberto Firmino,2016-2017,Liverpool,11.0,7.0,18.0,45.0,101.0,87.65714285714286,5.0,24,FW,34500000
Sadio Mané,2016-2017,Liverpool,13.0,5.0,18.0,42.10526315789473,41.0,82.96296296296296,4.0,24,FW,36000000
Aleksandar Kolarov,2016-2017,Manchester City,1.0,1.0,2.0,31.25,258.0,87.34482758620689,6.0,30,DF,9000000
Bacary Sagna,2016-2017,Manchester City,0.0,1.0,1.0,25.0,94.0,79.11764705882354,2.0,33,DF,3600000
David Silva,2016-2017,Manchester City,4.0,7.0,11.0,35.41666666666667,85.0,81.3529411764706,6.0,30,MF,33000000
Fernandinho,2016-2017,Manchester City,2.0,1.0,3.0,30.55555555555556,212.0,86.0625,10.0,31,MF,13200000
Fernando,2016-2017,Manchester City,0.0,0.0,0.0,0.0,67.0,37.333333333333336,3.0,29,MF,2700000
Gabriel Jesus,2016-2017,Manchester City,7.0,4.0,11.0,54.16666666666666,8.0,65.0,2.0,19,FW,27000000
Gaël Clichy,2016-2017,Manchester City,1.0,0.0,1.0,50.0,185.0,85.0,2.0,31,DF,6300000
Ilkay Gündogan,2016-2017,Manchester City,3.0,1.0,4.0,25.0,23.0,70.9,0.0,25,MF,55000000
Jesús Navas,2016-2017,Manchester City,0.0,0.0,0.0,25.0,55.0,44.083333333333336,2.0,30,MF,22500000
John Stones,2016-2017,Manchester City,0.0,0.0,0.0,15.384615384615383,194.0,74.55555555555556,1.0,22,DF,31500000
Kelechi Iheanacho,2016-2017,Manchester City,4.0,3.0,7.0,31.818181818181817,8.0,26.35,0.0,19,FW,13500000
Kevin De Bruyne,2016-2017,Manchester City,6.0,18.0,24.0,24.418604651162788,83.0,80.08333333333333,4.0,25,MF,165000000
Leroy Sané,2016-2017,Manchester City,5.0,3.0,8.0,42.42424242424242,58.0,68.6923076923077,4.0,20,FW,31500000
Nicolás Otamendi,2016-2017,Manchester City,1.0,1.0,2.0,20.0,358.0,86.4,9.0,28,DF,27000000
Nolito,2016-2017,Manchester City,4.0,2.0,6.0,37.5,25.0,40.94736842105263,6.0,29,MF,4950000
Pablo Zabaleta,2016-2017,Manchester City,1.0,1.0,2.0,28.57142857142857,107.0,52.95,2.0,31,DF,6300000
Raheem Sterling,2016-2017,Manchester City,7.0,6.0,13.0,34.375,44.0,76.21212121212122,7.0,21,FW,40500000
Sergio Agüero,2016-2017,Manchester City,20.0,3.0,23.0,38.1294964028777,23.0,77.51612903225806,7.0,28,FW,58500000
Vincent Kompany,2016-2017,Manchester City,3.0,0.0,3.0,33.33333333333333,76.0,74.81818181818181,5.0,30,DF,19800000
Yaya Toure,2016-2017,Manchester City,5.0,0.0,5.0,46.875,101.0,77.88,4.0,33,MF,8800000
Ander Herrera,2016-2017,Manchester United,1.0,6.0,7.0,15.789473684210526,223.0,79.48387096774194,8.0,26,MF,33000000
Anthony Martial,2016-2017,Manchester United,4.0,6.0,10.0,42.85714285714285,36.0,62.36,2.0,20,FW,27000000
Antonio Valencia,2016-2017,Manchester United,1.0,3.0,4.0,44.44444444444444,175.0,88.67857142857143,5.0,30,DF,9000000
Ashley Young,2016-2017,Manchester United,0.0,1.0,1.0,0.0,61.0,63.0,2.0,31,DF,4500000
Chris Smalling,2016-2017,Manchester United,1.0,1.0,2.0,14.285714285714285,160.0,67.5,0.0,26,DF,16200000
Daley Blind,2016-2017,Manchester United,1.0,2.0,3.0,22.22222222222222,206.0,79.52173913043478,2.0,26,DF,19800000
Eric Bailly,2016-2017,Manchester United,0.0,0.0,0.0,16.666666666666664,262.0,82.4,4.0,22,DF,27000000
Henrikh Mkhitaryan,2016-2017,Manchester United,4.0,1.0,5.0,48.48484848484848,57.0,56.208333333333336,1.0,27,MF,38500000
Jesse Lingard,2016-2017,Manchester United,0.0,2.0,2.0,35.13513513513514,40.0,54.64,3.0,23,MF,44000000
Juan Mata,2016-2017,Manchester United,6.0,3.0,9.0,52.5,42.0,65.12,3.0,28,MF,33000000
Luke Shaw,2016-2017,Manchester United,0.0,1.0,1.0,16.666666666666664,53.0,62.90909090909091,1.0,21,DF,18000000
Marcos Rojo,2016-2017,Manchester United,1.0,0.0,1.0,28.57142857142857,211.0,79.04761904761905,5.0,26,DF,16200000
Marcus Rashford,2016-2017,Manchester United,5.0,1.0,6.0,38.63636363636363,34.0,53.15625,3.0,18,FW,16200000
Marouane Fellaini,2016-2017,Manchester United,1.0,0.0,1.0,30.434782608695656,142.0,57.10714285714285,12.0,28,MF,13200000
Matteo Darmian,2016-2017,Manchester United,0.0,0.0,0.0,0.0,154.0,74.05555555555556,3.0,26,DF,10800000
Michael Carrick,2016-2017,Manchester United,0.0,0.0,0.0,0.0,112.0,69.52173913043478,2.0,35,MF,15000000
Paul Pogba,2016-2017,Manchester United,5.0,4.0,9.0,34.78260869565217,132.0,86.93333333333334,7.0,23,MF,99000000
Phil Jones,2016-2017,Manchester United,0.0,0.0,0.0,0.0,215.0,88.05555555555556,2.0,24,DF,12600000
Wayne Rooney,2016-2017,Manchester United,5.0,5.0,10.0,36.53846153846153,51.0,61.56,8.0,30,FW,13500000
Zlatan Ibrahimovic,2016-2017,Manchester United,17.0,5.0,22.0,40.0,43.0,87.03571428571429,7.0,35,FW,9000000
Adam Clayton,2016-2017,Middlesbrough,0.0,2.0,2.0,18.181818181818183,206.0,82.52941176470588,10.0,27,MF,3300000
Adam Forshaw,2016-2017,Middlesbrough,0.0,1.0,1.0,21.428571428571427,124.0,79.41176470588235,4.0,24,MF,2700000
Adama Traoré,2016-2017,Middlesbrough,0.0,1.0,1.0,18.181818181818183,43.0,56.851851851851855,1.0,20,DF,7200000
Antonio Barragán,2016-2017,Middlesbrough,0.0,0.0,0.0,0.0,214.0,84.46153846153847,5.0,29,DF,3300000
Ben Gibson,2016-2017,Middlesbrough,1.0,1.0,2.0,40.0,353.0,90.0,4.0,23,DF,8800000
Bernardo Espinosa,2016-2017,Middlesbrough,0.0,0.0,0.0,50.0,114.0,88.63636363636364,2.0,27,DF,2750000
Calum Chambers,2016-2017,Middlesbrough,2.0,1.0,3.0,37.5,302.0,90.0,4.0,21,DF,12600000
Cristhian Stuani,2016-2017,Middlesbrough,4.0,0.0,4.0,47.61904761904761,63.0,59.17391304347826,4.0,29,FW,3150000
Daniel Ayala,2016-2017,Middlesbrough,1.0,0.0,1.0,50.0,112.0,65.5,3.0,25,DF,2200000
Gastón Ramírez,2016-2017,Middlesbrough,2.0,3.0,5.0,28.125,74.0,64.54166666666667,8.0,25,MF,2700000
George Friend,2016-2017,Middlesbrough,0.0,2.0,2.0,6.666666666666667,209.0,81.66666666666667,4.0,28,DF,1650000
Grant Leadbitter,2016-2017,Middlesbrough,1.0,0.0,1.0,23.07692307692308,31.0,54.38461538461539,1.0,30,MF,16500000
Marten de Roon,2016-2017,Middlesbrough,4.0,0.0,4.0,24.13793103448276,189.0,84.15151515151516,8.0,25,MF,1100000
Patrick Bamford,2016-2017,Middlesbrough,1.0,0.0,1.0,42.85714285714285,16.0,22.5,1.0,22,MF,82500000
Rudy Gestede,2016-2017,Middlesbrough,1.0,0.0,1.0,31.25,18.0,32.8125,3.0,27,FW,6300000
Stewart Downing,2016-2017,Middlesbrough,1.0,3.0,4.0,20.689655172413797,91.0,73.73333333333333,1.0,32,MF,3500000
Viktor Fischer,2016-2017,Middlesbrough,0.0,3.0,3.0,16.666666666666664,4.0,33.69230769230769,0.0,22,MF,5500000
Álvaro Negredo,2016-2017,Middlesbrough,9.0,4.0,13.0,33.33333333333333,96.0,79.91666666666667,5.0,30,FW,6750000
Charlie Austin,2016-2017,Southampton,6.0,1.0,7.0,45.94594594594595,32.0,62.6,1.0,27,FW,11700000
Cédric Soares,2016-2017,Southampton,0.0,3.0,3.0,30.0,199.0,84.0,7.0,24,DF,13500000
Dusan Tadic,2016-2017,Southampton,3.0,5.0,8.0,33.33333333333333,48.0,73.51515151515152,4.0,28,FW,15300000
Jack Stephens,2016-2017,Southampton,0.0,1.0,1.0,0.0,144.0,86.41176470588235,1.0,22,DF,3150000
James Ward-Prowse,2016-2017,Southampton,4.0,4.0,8.0,40.47619047619048,82.0,62.8,4.0,21,MF,19800000
Jay Rodriguez,2016-2017,Southampton,5.0,2.0,7.0,45.45454545454545,24.0,36.708333333333336,0.0,27,FW,9000000
Jordy Clasie,2016-2017,Southampton,1.0,1.0,2.0,33.33333333333333,43.0,64.125,3.0,25,MF,71500000
José Fonte,2016-2017,Southampton,0.0,0.0,0.0,17.647058823529413,327.0,86.21212121212122,4.0,32,DF,6300000
Manolo Gabbiadini,2016-2017,Southampton,4.0,0.0,4.0,37.93103448275862,15.0,66.45454545454545,1.0,24,FW,13500000
Maya Yoshida,2016-2017,Southampton,1.0,0.0,1.0,46.66666666666666,235.0,90.0,2.0,27,DF,4500000
Nathan Redmond,2016-2017,Southampton,7.0,1.0,8.0,33.734939759036145,66.0,78.56756756756756,2.0,22,MF,22000000
Oriol Romeu,2016-2017,Southampton,1.0,0.0,1.0,21.428571428571427,285.0,87.77142857142857,11.0,24,MF,13200000
Pierre-Emile Højbjerg,2016-2017,Southampton,0.0,0.0,0.0,14.285714285714285,107.0,59.04545454545455,2.0,21,MF,11000000
Ryan Bertrand,2016-2017,Southampton,2.0,4.0,6.0,31.57894736842105,138.0,89.57142857142857,3.0,26,DF,18000000
Sam McQueen,2016-2017,Southampton,0.0,0.0,0.0,0.0,60.0,46.76923076923077,0.0,21,MF,750000
Shane Long,2016-2017,Southampton,3.0,1.0,4.0,36.58536585365854,35.0,39.0,2.0,29,FW,8100000
Sofiane Boufal,2016-2017,Southampton,1.0,0.0,1.0,28.000000000000004,47.0,45.875,5.0,22,MF,16500000
Steven Davis,2016-2017,Southampton,0.0,3.0,3.0,19.35483870967742,133.0,82.625,3.0,31,MF,6600000
Virgil van Dijk,2016-2017,Southampton,1.0,0.0,1.0,29.411764705882355,250.0,88.28571428571429,3.0,25,DF,27000000
Bruno Martins Indi,2016-2017,Stoke City,0.0,0.0,0.0,38.88888888888889,349.0,89.91428571428571,5.0,24,DF,9900000
Charlie Adam,2016-2017,Stoke City,1.0,3.0,4.0,27.500000000000004,71.0,62.29166666666666,7.0,30,MF,3150000
Erik Pieters,2016-2017,Stoke City,0.0,1.0,1.0,0.0,290.0,87.52777777777777,4.0,27,DF,6300000
Geoff Cameron,2016-2017,Stoke City,0.0,1.0,1.0,45.45454545454545,141.0,85.6842105263158,1.0,31,MF,3600000
Giannelli Imbula,2016-2017,Stoke City,0.0,0.0,0.0,0.0,24.0,66.33333333333333,1.0,23,MF,2700000
Glen Johnson,2016-2017,Stoke City,0.0,0.0,0.0,50.0,163.0,85.0,1.0,31,DF,4500000
Glenn Whelan,2016-2017,Stoke City,0.0,1.0,1.0,16.666666666666664,150.0,75.9,5.0,32,MF,5000000
Ibrahim Afellay,2016-2017,Stoke City,0.0,0.0,0.0,16.666666666666664,8.0,31.416666666666668,0.0,30,MF,9900000
Joe Allen,2016-2017,Stoke City,6.0,2.0,8.0,45.0,188.0,81.55555555555556,9.0,26,MF,19800000
Jonathan Walters,2016-2017,Stoke City,4.0,2.0,6.0,48.0,43.0,56.34782608695652,1.0,32,MF,12100000
Mame Biram Diouf,2016-2017,Stoke City,1.0,2.0,3.0,20.0,93.0,51.18518518518518,3.0,28,FW,6300000
Marc Muniesa,2016-2017,Stoke City,0.0,0.0,0.0,50.0,80.0,64.8,2.0,24,DF,3000000
Peter Crouch,2016-2017,Stoke City,7.0,2.0,9.0,43.24324324324324,37.0,49.44444444444444,3.0,35,FW,1350000
Phil Bardsley,2016-2017,Stoke City,0.0,0.0,0.0,18.181818181818183,92.0,78.0,7.0,31,DF,1350000
Ramadan Sobhi,2016-2017,Stoke City,0.0,1.0,1.0,25.0,31.0,49.88235294117647,2.0,19,MF,5500000
Ryan Shawcross,2016-2017,Stoke City,1.0,1.0,2.0,35.0,363.0,90.0,6.0,28,DF,9900000
Saido Berahino,2016-2017,Stoke City,0.0,0.0,0.0,47.368421052631575,13.0,56.8235294117647,1.0,22,FW,13500000
Wilfried Bony,2016-2017,Stoke City,2.0,0.0,2.0,23.809523809523807,19.0,69.0,1.0,27,FW,16200000
Xherdan Shaqiri,2016-2017,Stoke City,4.0,2.0,6.0,20.833333333333336,22.0,81.28571428571429,2.0,24,MF,16500000
Adnan Januzaj,2016-2017,Sunderland,0.0,3.0,3.0,26.923076923076923,46.0,65.16,3.0,21,MF,7700000
Billy Jones,2016-2017,Sunderland,1.0,0.0,1.0,26.666666666666668,211.0,84.07407407407408,8.0,29,DF,1350000
Bryan Oviedo,2016-2017,Sunderland,0.0,0.0,0.0,33.33333333333333,83.0,66.0,3.0,26,DF,2250000
Darron Gibson,2016-2017,Sunderland,0.0,0.0,0.0,0.0,47.0,53.41666666666666,4.0,28,MF,33000000
Didier Ndong,2016-2017,Sunderland,0.0,0.0,0.0,31.25,176.0,81.25806451612904,5.0,22,MF,23400000
Donald Love,2016-2017,Sunderland,0.0,1.0,1.0,50.0,66.0,50.583333333333336,1.0,21,DF,1100000
Duncan Watmore,2016-2017,Sunderland,0.0,2.0,2.0,25.0,29.0,73.42857142857143,1.0,22,MF,15000000
Fabio Borini,2016-2017,Sunderland,2.0,0.0,2.0,42.42424242424242,72.0,72.5,5.0,25,FW,5400000
Jack Rodwell,2016-2017,Sunderland,0.0,1.0,1.0,26.31578947368421,116.0,74.65,4.0,25,DF,4500000
Jason Denayer,2016-2017,Sunderland,0.0,0.0,0.0,33.33333333333333,168.0,78.25,2.0,21,DF,6600000
Javier Manquillo,2016-2017,Sunderland,0.0,0.0,0.0,33.33333333333333,108.0,71.4,2.0,22,DF,4000000
Jermain Defoe,2016-2017,Sunderland,15.0,2.0,17.0,31.313131313131315,27.0,89.78378378378379,1.0,33,FW,4500000
John O'Shea,2016-2017,Sunderland,0.0,1.0,1.0,66.66666666666666,235.0,77.14285714285714,5.0,35,DF,900000
Lamine Koné,2016-2017,Sunderland,1.0,0.0,1.0,23.52941176470588,295.0,84.83333333333333,4.0,27,DF,6300000
Lynden Gooch,2016-2017,Sunderland,0.0,0.0,0.0,0.0,19.0,33.09090909090909,3.0,20,MF,4400000
Papy Djilobodji,2016-2017,Sunderland,0.0,0.0,0.0,25.0,264.0,87.61111111111111,7.0,27,DF,5500000
Patrick van Aanholt,2016-2017,Sunderland,5.0,1.0,6.0,38.23529411764706,175.0,78.0625,3.0,25,DF,8100000
Sebastian Larsson,2016-2017,Sunderland,0.0,1.0,1.0,18.75,91.0,70.04761904761905,4.0,31,DF,2750000
Steven Pienaar,2016-2017,Sunderland,0.0,0.0,0.0,50.0,47.0,53.86666666666667,5.0,34,MF,900000
Victor Anichebe,2016-2017,Sunderland,3.0,0.0,3.0,30.0,48.0,67.55555555555556,2.0,28,FW,1350000
Wahbi Khazri,2016-2017,Sunderland,1.0,0.0,1.0,43.47826086956522,20.0,39.90476190476191,6.0,25,MF,6300000
Alfie Mawson,2016-2017,Swansea City,4.0,0.0,4.0,22.727272727272727,255.0,90.0,1.0,22,DF,5400000
Angel Rangel,2016-2017,Swansea City,1.0,0.0,1.0,60.0,92.0,45.72222222222222,1.0,34,DF,1100000
Borja Bastón,2016-2017,Swansea City,1.0,0.0,1.0,20.0,15.0,30.38888888888889,0.0,23,FW,9000000
Federico Fernández,2016-2017,Swansea City,0.0,2.0,2.0,13.333333333333334,301.0,90.0,7.0,27,DF,8100000
Fernando Llorente,2016-2017,Swansea City,15.0,1.0,16.0,50.0,60.0,74.33333333333333,2.0,31,FW,5400000
Jack Cork,2016-2017,Swansea City,0.0,0.0,0.0,27.77777777777778,171.0,74.43333333333334,7.0,27,MF,16500000
Jay Fulton,2016-2017,Swansea City,0.0,0.0,0.0,0.0,57.0,62.90909090909091,2.0,22,MF,27500000
Jefferson Montero,2016-2017,Swansea City,0.0,1.0,1.0,25.0,9.0,28.846153846153847,0.0,26,FW,4000000
Jordan Ayew,2016-2017,Swansea City,1.0,3.0,4.0,50.0,26.0,61.642857142857146,1.0,24,FW,8250000
Jordi Amat,2016-2017,Swansea City,0.0,0.0,0.0,57.14285714285714,189.0,82.82352941176471,5.0,24,DF,2750000
Ki Sung-yueng,2016-2017,Swansea City,0.0,1.0,1.0,11.11111111111111,68.0,55.95652173913044,3.0,27,MF,7700000
Kyle Naughton,2016-2017,Swansea City,0.0,0.0,0.0,25.0,247.0,87.6774193548387,5.0,27,DF,4500000
Leon Britton,2016-2017,Swansea City,0.0,0.0,0.0,0.0,65.0,73.5,3.0,33,MF,8800000
Leroy Fer,2016-2017,Swansea City,6.0,2.0,8.0,30.55555555555556,134.0,70.67647058823529,9.0,26,MF,8800000
Luciano Narsingh,2016-2017,Swansea City,0.0,3.0,3.0,0.0,7.0,31.53846153846154,0.0,25,MF,11000000
Martin Olsson,2016-2017,Swansea City,2.0,0.0,2.0,44.44444444444444,73.0,83.53333333333333,2.0,28,DF,5500000
Modou Barrow,2016-2017,Swansea City,0.0,2.0,2.0,20.0,35.0,63.833333333333336,1.0,23,FW,2700000
Neil Taylor,2016-2017,Swansea City,0.0,0.0,0.0,0.0,70.0,83.81818181818181,1.0,27,DF,5500000
Stephen Kingsley,2016-2017,Swansea City,0.0,0.0,0.0,25.0,48.0,79.6923076923077,0.0,22,DF,825000
Tom Carroll,2016-2017,Swansea City,1.0,2.0,3.0,22.22222222222222,61.0,77.16666666666667,1.0,24,MF,6600000
Wayne Routledge,2016-2017,Swansea City,3.0,1.0,4.0,47.368421052631575,56.0,71.37037037037037,1.0,31,MF,2750000
Abdoulaye Doucoure,2016-2017,Watford,1.0,0.0,1.0,36.36363636363637,64.0,67.95,4.0,23,MF,6600000
Adlene Guedioura,2016-2017,Watford,0.0,1.0,1.0,20.0,42.0,46.8235294117647,2.0,31,MF,1100000
Christian Kabasele,2016-2017,Watford,2.0,0.0,2.0,42.85714285714285,74.0,47.9375,1.0,25,DF,4950000
Craig Cathcart,2016-2017,Watford,0.0,1.0,1.0,33.33333333333333,107.0,77.4,3.0,27,DF,3600000
Daryl Janmaat,2016-2017,Watford,2.0,1.0,3.0,30.76923076923077,103.0,59.81481481481482,2.0,27,DF,6300000
Etienne Capoue,2016-2017,Watford,7.0,1.0,8.0,38.0,152.0,86.8108108108108,5.0,28,MF,8800000
Isaac Success,2016-2017,Watford,1.0,1.0,2.0,50.0,34.0,26.57894736842105,2.0,20,FW,3600000
José Holebas,2016-2017,Watford,2.0,4.0,6.0,25.0,241.0,88.15151515151516,14.0,32,DF,1800000
Juan Camilo Zúñiga,2016-2017,Watford,1.0,0.0,1.0,16.666666666666664,59.0,38.71428571428572,0.0,31,DF,1650000
M'Baye Niang,2016-2017,Watford,2.0,2.0,4.0,40.625,32.0,78.375,2.0,21,FW,16500000
Miguel Britos,2016-2017,Watford,1.0,2.0,3.0,27.77777777777778,245.0,84.55555555555556,12.0,31,DF,3150000
Nordin Amrabat,2016-2017,Watford,0.0,3.0,3.0,20.689655172413797,83.0,72.44827586206897,4.0,29,MF,2250000
Odion Ighalo,2016-2017,Watford,1.0,1.0,2.0,27.027027027027028,17.0,71.72222222222223,1.0,27,FW,6300000
Roberto Pereyra,2016-2017,Watford,2.0,2.0,4.0,44.44444444444444,19.0,80.0,2.0,25,MF,16500000
Sebastian Prödl,2016-2017,Watford,1.0,1.0,2.0,31.818181818181817,303.0,83.96969696969697,10.0,29,MF,3600000
Stefano Okaka,2016-2017,Watford,4.0,0.0,4.0,44.44444444444444,23.0,50.21052631578947,5.0,26,FW,5400000
Tom Cleverley,2016-2017,Watford,0.0,2.0,2.0,40.0,100.0,68.25925925925925,4.0,26,MF,8800000
Troy Deeney,2016-2017,Watford,10.0,4.0,14.0,42.85714285714285,88.0,79.48648648648648,7.0,28,FW,9900000
Valon Behrami,2016-2017,Watford,0.0,0.0,0.0,0.0,140.0,75.4074074074074,7.0,31,MF,2750000
Younes Kaboul,2016-2017,Watford,2.0,0.0,2.0,33.33333333333333,235.0,83.26086956521739,2.0,30,MF,2750000
Allan-Romeo Nyom,2016-2017,West Bromwich Albion,0.0,2.0,2.0,16.666666666666664,241.0,82.40625,8.0,28,DF,4050000
Chris Brunt,2016-2017,West Bromwich Albion,3.0,4.0,7.0,28.947368421052637,127.0,79.93548387096774,5.0,31,MF,4400000
Claudio Yacob,2016-2017,West Bromwich Albion,0.0,0.0,0.0,0.0,224.0,73.24242424242425,9.0,29,MF,3850000
Craig Dawson,2016-2017,West Bromwich Albion,4.0,0.0,4.0,38.095238095238095,294.0,88.5945945945946,10.0,26,DF,7200000
Darren Fletcher,2016-2017,West Bromwich Albion,2.0,3.0,5.0,35.0,123.0,85.13157894736842,0.0,32,MF,1800000
Gareth McAuley,2016-2017,West Bromwich Albion,6.0,1.0,7.0,43.75,379.0,87.30555555555556,5.0,36,DF,900000
Hal Robson-Kanu,2016-2017,West Bromwich Albion,3.0,2.0,5.0,37.5,17.0,23.55172413793104,3.0,27,FW,2250000
James McClean,2016-2017,West Bromwich Albion,0.0,2.0,2.0,56.52173913043478,94.0,43.05882352941177,9.0,27,MF,2700000
James Morrison,2016-2017,West Bromwich Albion,5.0,2.0,7.0,34.78260869565217,64.0,56.064516129032256,3.0,30,MF,12100000
Jonny Evans,2016-2017,West Bromwich Albion,2.0,1.0,3.0,55.55555555555556,286.0,85.09677419354838,8.0,28,DF,6300000
Matt Phillips,2016-2017,West Bromwich Albion,4.0,8.0,12.0,21.27659574468085,69.0,81.22222222222223,2.0,25,MF,8100000
Nacer Chadli,2016-2017,West Bromwich Albion,5.0,5.0,10.0,38.297872340425535,64.0,69.25806451612904,2.0,26,MF,7200000
Salomón Rondón,2016-2017,West Bromwich Albion,8.0,2.0,10.0,27.659574468085108,68.0,76.1842105263158,2.0,26,FW,13500000
Aaron Cresswell,2016-2017,West Ham United,0.0,2.0,2.0,18.181818181818183,113.0,81.42307692307692,5.0,26,DF,13200000
André Ayew,2016-2017,West Ham United,6.0,3.0,9.0,38.23529411764706,37.0,57.6,1.0,26,FW,16200000
Andy Carroll,2016-2017,West Ham United,7.0,1.0,8.0,35.8974358974359,51.0,72.94444444444444,3.0,27,FW,9000000
Angelo Ogbonna,2016-2017,West Ham United,0.0,0.0,0.0,33.33333333333333,174.0,87.75,2.0,28,DF,8100000
Arthur Masuaku,2016-2017,West Ham United,0.0,1.0,1.0,0.0,94.0,74.6923076923077,1.0,22,DF,6300000
Ashley Fletcher,2016-2017,West Ham United,0.0,0.0,0.0,55.55555555555556,6.0,22.125,2.0,20,FW,3150000
Cheikhou Kouyaté,2016-2017,West Ham United,1.0,0.0,1.0,19.047619047619047,273.0,87.96774193548387,3.0,27,MF,13200000
Dimitri Payet,2016-2017,West Ham United,2.0,6.0,8.0,27.27272727272727,19.0,84.05555555555556,2.0,29,MF,31500000
Edimilson Fernandes,2016-2017,West Ham United,0.0,0.0,0.0,20.0,53.0,35.214285714285715,4.0,20,MF,5500000
Håvard Nordtveit,2016-2017,West Ham United,0.0,1.0,1.0,14.285714285714285,71.0,59.75,2.0,26,DF,5500000
James Collins,2016-2017,West Ham United,2.0,0.0,2.0,36.36363636363637,224.0,75.18181818181819,3.0,32,DF,2200000
Jonathan Calleri,2016-2017,West Ham United,1.0,0.0,1.0,18.75,12.0,33.5625,0.0,22,FW,7200000
Manuel Lanzini,2016-2017,West Ham United,8.0,2.0,10.0,30.434782608695656,100.0,77.45714285714286,9.0,23,MF,22000000
Mark Noble,2016-2017,West Ham United,3.0,0.0,3.0,28.000000000000004,103.0,79.93333333333334,10.0,29,MF,7700000
Marko Arnautovic,2016-2017,West Ham United,6.0,5.0,11.0,31.666666666666664,79.0,85.125,12.0,27,FW,13500000
Michail Antonio,2016-2017,West Ham United,9.0,3.0,12.0,29.87012987012987,99.0,84.10344827586206,7.0,26,FW,16200000
Pedro Obiang,2016-2017,West Ham United,1.0,1.0,2.0,22.22222222222222,130.0,80.27272727272727,7.0,24,MF,8000000
Sam Byram,2016-2017,West Ham United,0.0,1.0,1.0,0.0,129.0,69.27777777777777,8.0,22,MF,4950000
Sofiane Feghouli,2016-2017,West Ham United,3.0,3.0,6.0,35.0,41.0,49.42857142857143,4.0,26,MF,13200000
Winston Reid,2016-2017,West Ham United,2.0,2.0,4.0,18.181818181818183,381.0,86.3,8.0,28,DF,9000000
Aaron Ramsey,2017-2018,Arsenal,6.0,8.0,14.0,44.69263759828449,79.0,76.91666666666667,0.0,26,MF,25500000
Ainsley Maitland-Niles,2017-2018,Arsenal,0.0,0.0,0.0,0.0,87.0,60.93333333333333,1.0,19,"DF,MF",1000000
Alex Iwobi,2017-2018,Arsenal,3.0,5.0,8.0,48.86312973695943,55.0,70.38461538461539,1.0,21,"MF,FW",9500000
Alexandre Lacazette,2017-2018,Arsenal,13.0,3.0,16.0,48.52607709750566,55.0,68.8125,1.0,26,FW,48500000
Alexis Sanchez,2017-2018,Arsenal,11.0,5.0,16.0,35.3794061469005,54.22,82.12903225806451,6.78,28,"MF,FW",67500000
Calum Chambers,2017-2018,Arsenal,0.0,0.0,0.0,29.859719438877757,96.0,72.16666666666667,1.0,22,DF,9000000
Danny Welbeck,2017-2018,Arsenal,5.0,2.0,7.0,40.655226209048365,66.0,42.642857142857146,1.0,26,"FW,MF",17500000
David Ospina,2017-2018,Arsenal,0.0,0.0,0.0,0.0,1.0,76.2,0.0,28,GK,9000000
Granit Xhaka,2017-2018,Arsenal,1.0,6.0,7.0,25.81967213114755,213.0,85.78947368421052,10.0,24,MF,27500000
Hector Bellerin,2017-2018,Arsenal,2.0,3.0,5.0,27.9245283018868,211.0,87.17142857142858,5.0,22,DF,21000000
Jack Wilshere,2017-2018,Arsenal,1.0,3.0,4.0,33.59946773120426,38.0,59.65,6.0,25,MF,22000000
Laurent Koscielny,2017-2018,Arsenal,1.0,0.0,1.0,22.272215973003373,263.0,89.0,4.0,31,DF,21000000
Mesut Ozil,2017-2018,Arsenal,4.0,7.0,11.0,33.33333333333333,52.0,83.1923076923077,4.0,28,"MF,FW",60000000
Mohamed Elneny,2017-2018,Arsenal,0.0,0.0,0.0,12.04516938519448,45.0,66.6923076923077,6.0,25,MF,10000000
Nacho Monreal,2017-2018,Arsenal,4.0,1.0,5.0,36.37608397991784,219.0,80.10714285714286,3.0,31,DF,9500000
Per Mertesacker,2017-2018,Arsenal,1.0,0.0,1.0,100.0,34.0,61.0,0.0,32,DF,10000000
Petr Cech,2017-2018,Arsenal,0.0,0.0,0.0,0.0,24.0,89.38235294117646,1.0,35,GK,10500000
Rob Holding,2017-2018,Arsenal,0.0,0.0,0.0,0.0,96.0,68.5,3.0,21,DF,5500000
Sead Kolasinac,2017-2018,Arsenal,1.0,4.0,5.0,28.43556823585354,146.0,79.51851851851852,3.0,24,DF,15500000
Shkodran Mustafi,2017-2018,Arsenal,3.0,1.0,4.0,39.22480620155039,319.0,84.18518518518519,6.0,25,DF,31500000
Adam Smith,2017-2018,Bournemouth,0.0,2.0,2.0,23.214285714285715,200.0,76.70370370370371,6.0,26,"DF,MF",4100000
Andrew Surman,2017-2018,Bournemouth,2.0,4.0,6.0,33.31473214285714,117.0,74.24,2.0,30,MF,6000000
Asmir Begovic,2017-2018,Bournemouth,0.0,0.0,0.0,0.0,18.0,90.0,2.0,30,GK,14000000
Benik Afobe,2017-2018,Bournemouth,0.0,0.0,0.0,37.28179551122195,14.0,35.94117647058823,0.0,24,FW,7500000
Callum Wilson,2017-2018,Bournemouth,7.0,1.0,8.0,35.684647302904565,42.0,70.75,0.0,25,FW,8500000
Charlie Daniels,2017-2018,Bournemouth,1.0,3.0,4.0,29.99001996007984,227.0,85.77142857142857,0.0,30,"DF,MF",4800000
Dan Gosling,2017-2018,Bournemouth,1.0,1.0,2.0,36.26872446663641,146.0,69.53571428571429,8.0,27,MF,4100000
Harry Arter,2017-2018,Bournemouth,0.0,0.0,0.0,8.711433756805807,52.0,73.84615384615384,4.0,27,MF,10000000
Jermain Defoe,2017-2018,Bournemouth,3.0,0.0,3.0,55.59673832468495,27.0,45.333333333333336,1.0,34,FW,8000000
Jordon Ibe,2017-2018,Bournemouth,2.0,5.0,7.0,29.499723093963446,40.0,62.34375,1.0,21,"MF,FW",3600000
Joshua King,2017-2018,Bournemouth,7.0,3.0,10.0,38.88888888888889,77.0,74.33333333333333,3.0,25,"FW,MF",11500000
Junior Stanislas,2017-2018,Bournemouth,5.0,2.0,7.0,43.18801089918256,58.0,67.6842105263158,1.0,27,"MF,FW",4200000
Lewis Cook,2017-2018,Bournemouth,0.0,1.0,1.0,11.09871723368656,160.0,77.13793103448276,5.0,20,MF,4600000
Lys Mousset,2017-2018,Bournemouth,1.0,0.0,1.0,22.911912368781376,26.0,25.91304347826087,1.0,21,"FW,MF",1600000
Marc Pugh,2017-2018,Bournemouth,0.0,0.0,0.0,21.244069583552974,39.0,49.25,2.0,30,"MF,FW",3800000
Nathan Ake,2017-2018,Bournemouth,1.0,2.0,3.0,43.74301675977655,394.0,88.23684210526316,5.0,22,DF,9500000
Ryan Fraser,2017-2018,Bournemouth,4.0,2.0,6.0,39.986715376951175,82.0,77.07692307692308,0.0,23,"MF,DF",5500000
Simon Francis,2017-2018,Bournemouth,0.0,0.0,0.0,6.955177743431222,321.0,84.53125,13.0,32,DF,4400000
Steve Cook,2017-2018,Bournemouth,2.0,0.0,2.0,27.78280542986425,386.0,81.38235294117646,5.0,26,DF,9500000
Tyrone Mings,2017-2018,Bournemouth,0.0,0.0,0.0,0.0,22.0,50.25,1.0,24,DF,2800000
Anthony Knockaert,2017-2018,Brighton,2.0,1.0,3.0,26.304347826086957,107.0,73.36363636363636,7.0,25,"MF,FW",9500000
Beram Kayal,2017-2018,Brighton,0.0,0.0,0.0,25.125628140703515,50.0,39.21052631578947,2.0,29,MF,3800000
Bruno,2017-2018,Brighton,0.0,0.0,0.0,44.55445544554456,161.0,80.64,3.0,36,DF,450000
Connor Goldson,2017-2018,Brighton,0.0,0.0,0.0,33.33333333333333,15.0,66.66666666666667,1.0,24,DF,2100000
Dale Stephens,2017-2018,Brighton,0.0,2.0,2.0,11.320754716981131,289.0,90.0,6.0,28,MF,5500000
Davy Propper,2017-2018,Brighton,0.0,4.0,4.0,13.466334164588527,248.0,89.11428571428571,5.0,25,MF,11000000
Ezequiel Schelotto,2017-2018,Brighton,0.0,0.0,0.0,34.0567612687813,104.0,65.9,3.0,28,DF,5500000
Gaetan Bong,2017-2018,Brighton,0.0,0.0,0.0,24.93702770780856,184.0,89.44,2.0,29,DF,2400000
Glenn Murray,2017-2018,Brighton,11.0,0.0,11.0,40.41197706519431,66.0,62.62857142857143,9.0,33,FW,2500000
Jose Izquierdo,2017-2018,Brighton,5.0,3.0,8.0,30.932203389830505,79.0,62.0,2.0,25,"MF,FW",13000000
Lewis Dunk,2017-2018,Brighton,1.0,1.0,2.0,29.577464788732392,441.0,90.0,7.0,25,DF,7500000
Markus Suttner,2017-2018,Brighton,0.0,0.0,0.0,0.0,102.0,84.21428571428571,0.0,30,DF,2900000
Mathew Ryan,2017-2018,Brighton,0.0,0.0,0.0,0.0,13.0,90.0,0.0,25,GK,8000000
Pascal Groß,2017-2018,Brighton,7.0,8.0,15.0,43.939393939393945,101.0,77.05263157894737,2.0,26,"FW,MF",9000000
Shane Duffy,2017-2018,Brighton,0.0,1.0,1.0,14.300922640170336,479.0,88.97297297297297,8.0,25,DF,6500000
Solly March,2017-2018,Brighton,1.0,1.0,2.0,32.33404710920771,143.0,51.41666666666666,3.0,23,"MF,FW",3600000
Tomer Hemed,2017-2018,Brighton,1.0,1.0,2.0,41.13475177304964,31.0,53.0625,0.0,30,FW,3000000
Aaron Lennon,2017-2018,Burnley,0.0,3.0,3.0,39.48747815958066,112.83,65.89655172413794,3.42,30,MF,8500000
Ashley Barnes,2017-2018,Burnley,8.0,0.0,8.0,36.54390934844193,68.0,60.138888888888886,10.0,27,FW,6000000
Ashley Westwood,2017-2018,Burnley,0.0,0.0,0.0,12.25,65.0,58.47368421052632,2.0,27,MF,4500000
Ben Mee,2017-2018,Burnley,0.0,0.0,0.0,27.906976744186046,334.0,90.0,5.0,27,DF,10000000
Charlie Taylor,2017-2018,Burnley,0.0,0.0,0.0,0.0,96.0,86.36363636363636,3.0,23,DF,4700000
Chris Wood,2017-2018,Burnley,9.0,1.0,10.0,61.57407407407407,35.0,67.66666666666667,1.0,25,FW,8500000
Georges-Kevin N'Koudou,2017-2018,Burnley,0.0,0.0,0.0,0.0,13.0,25.444444444444443,1.0,22,"MF,FW",12000000
Jack Cork,2017-2018,Burnley,1.0,1.0,2.0,33.333333333333336,223.0,90.0,7.0,28,MF,9500000
James Tarkowski,2017-2018,Burnley,0.0,0.0,0.0,22.41379310344828,374.0,90.0,5.0,24,DF,4500000
Jeff Hendrick,2017-2018,Burnley,2.0,2.0,4.0,23.726114649681527,56.0,68.55882352941177,1.0,25,"FW,MF",8500000
Johann Berg Guðmundsson,2017-2018,Burnley,1.0,7.0,8.0,33.13030638612034,141.0,80.94285714285714,2.0,26,MF,4700000
Kevin Long,2017-2018,Burnley,0.0,1.0,1.0,19.35483870967742,205.0,90.0,1.0,26,DF,1800000
Matthew Lowton,2017-2018,Burnley,0.0,3.0,3.0,25.0,270.0,88.26923076923077,1.0,28,DF,6000000
Nick Pope,2017-2018,Burnley,0.0,0.0,0.0,0.0,21.0,89.0,3.0,25,GK,875000
Phil Bardsley,2017-2018,Burnley,0.0,0.0,0.0,100.0,138.0,86.53846153846153,5.0,32,DF,1700000
Robbie Brady,2017-2018,Burnley,0.0,1.0,1.0,24.83333333333333,85.0,85.13333333333334,3.0,25,MF,9500000
Sam Vokes,2017-2018,Burnley,4.0,1.0,5.0,24.15356711003628,27.0,33.266666666666666,3.0,27,FW,9000000
Scott Arfield,2017-2018,Burnley,2.0,1.0,3.0,38.53820598006645,93.0,74.05555555555556,3.0,28,"MF,FW",4000000
Stephen Ward,2017-2018,Burnley,1.0,1.0,2.0,18.136439267886857,234.0,87.85714285714286,1.0,31,DF,4400000
Steven Defour,2017-2018,Burnley,1.0,1.0,2.0,37.19224724986904,139.0,83.20833333333333,6.0,29,MF,10000000
Tom Heaton,2017-2018,Burnley,0.0,0.0,0.0,0.0,0.0,76.25,0.0,31,GK,11000000
Alvaro Morata,2017-2018,Chelsea,10.0,5.0,15.0,42.89873417721519,56.0,66.48387096774194,7.0,24,FW,41000000
Andreas Christensen,2017-2018,Chelsea,0.0,0.0,0.0,7.711442786069651,199.0,77.25925925925925,0.0,21,DF,22500000
Antonio Rudiger,2017-2018,Chelsea,2.0,1.0,3.0,25.86206896551724,199.0,86.5925925925926,4.0,24,DF,24500000
Cesar Azpilicueta,2017-2018,Chelsea,1.0,5.0,6.0,22.857142857142858,317.0,90.0,1.0,27,DF,37500000
Cesc Fabregas,2017-2018,Chelsea,2.0,4.0,6.0,26.33940353655318,141.0,72.0625,12.0,30,MF,41000000
Danny Drinkwater,2017-2018,Chelsea,1.0,0.0,1.0,33.388704318936874,40.0,43.91666666666666,0.0,27,MF,14000000
David Luiz,2017-2018,Chelsea,1.0,0.0,1.0,36.46308113035551,96.0,84.0,7.0,30,"DF,MF",33000000
Davide Zappacosta,2017-2018,Chelsea,1.0,1.0,2.0,36.09684519442406,75.21000000000001,49.75,0.0,25,"DF,MF",13000000
Eden Hazard,2017-2018,Chelsea,12.0,4.0,16.0,49.21580017426663,20.0,71.23529411764706,2.0,26,"FW,MF",90500000
Gary Cahill,2017-2018,Chelsea,0.0,0.0,0.0,30.260521042084164,204.0,77.25925925925925,4.0,31,DF,21000000
Marcos Alonso,2017-2018,Chelsea,6.0,1.0,7.0,33.65650969529086,210.0,86.51515151515152,6.0,26,"DF,MF",17500000
N'Golo Kante,2017-2018,Chelsea,1.0,1.0,2.0,19.975980784627705,267.0,88.05882352941177,3.0,26,MF,52500000
Olivier Giroud,2017-2018,Chelsea,4.0,1.0,5.0,26.5970515970516,16.32,34.51724137931034,0.0,30,FW,21500000
Pedro,2017-2018,Chelsea,4.0,2.0,6.0,35.64533428673579,53.0,49.12903225806452,1.0,30,"MF,FW",30500000
Thibaut Courtois,2017-2018,Chelsea,0.0,0.0,0.0,0.0,8.0,90.0,2.0,25,GK,59000000
Tiemoue Bakayoko,2017-2018,Chelsea,1.0,1.0,2.0,20.11033099297893,162.0,73.3103448275862,8.0,22,MF,26000000
Victor Moses,2017-2018,Chelsea,3.0,3.0,6.0,31.54574132492114,120.0,75.35714285714286,3.0,26,"DF,MF",12500000
Willian,2017-2018,Chelsea,6.0,6.0,12.0,43.65079365079365,55.0,52.5,1.0,28,"MF,FW",31500000
Willy Caballero,2017-2018,Chelsea,0.0,0.0,0.0,0.0,3.0,90.0,0.0,35,GK,3000000
Aaron Wan-Bissaka,2017-2018,Crystal Palace,0.0,0.0,0.0,0.0,108.0,89.57142857142857,1.0,19,DF,170000
Andros Townsend,2017-2018,Crystal Palace,2.0,6.0,8.0,22.347448075994205,172.0,86.66666666666667,3.0,26,"FW,MF",12500000
Bakary Sako,2017-2018,Crystal Palace,2.0,0.0,2.0,35.318396226415096,12.0,29.875,0.0,29,"FW,MF",3000000
Christian Benteke,2017-2018,Crystal Palace,2.0,4.0,6.0,29.17959324370906,73.0,72.25806451612904,6.0,26,FW,22000000
Jairo Riedewald,2017-2018,Crystal Palace,0.0,0.0,0.0,0.0,43.0,36.833333333333336,0.0,20,"MF,DF",7000000
James McArthur,2017-2018,Crystal Palace,5.0,1.0,6.0,33.333333333333336,177.0,73.66666666666667,5.0,29,MF,6500000
James Tomkins,2017-2018,Crystal Palace,2.0,0.0,2.0,34.47528187337381,350.0,85.25,8.0,28,DF,7000000
Jason Puncheon,2017-2018,Crystal Palace,0.0,0.0,0.0,20.301507537688444,25.0,57.1,5.0,31,MF,4800000
Jeffrey Schlupp,2017-2018,Crystal Palace,0.0,0.0,0.0,12.985274431057563,182.0,72.70833333333333,3.0,24,"DF,MF",2600000
Joel Ward,2017-2018,Crystal Palace,0.0,1.0,1.0,21.35728542914172,166.0,84.89473684210526,4.0,27,DF,6000000
Julian Speroni,2017-2018,Crystal Palace,0.0,0.0,0.0,0.0,5.0,90.0,0.0,38,GK,160000
Luka Milivojevic,2017-2018,Crystal Palace,9.0,1.0,10.0,26.25516834022445,287.0,85.55555555555556,8.0,26,MF,9500000
Mamadou Sakho,2017-2018,Crystal Palace,1.0,1.0,2.0,35.31353135313532,171.0,84.21052631578948,1.0,27,DF,17000000
Martin Kelly,2017-2018,Crystal Palace,0.0,0.0,0.0,39.6039603960396,111.0,79.66666666666667,1.0,27,DF,3700000
Patrick van Aanholt,2017-2018,Crystal Palace,5.0,0.0,5.0,33.10136157337368,182.0,78.0,7.0,26,DF,6500000
Ruben Loftus-Cheek,2017-2018,Crystal Palace,2.0,2.0,4.0,22.073056509522324,93.0,78.08333333333333,1.0,21,MF,2300000
Scott Dann,2017-2018,Crystal Palace,0.0,0.0,0.0,21.035940803382665,148.0,84.41176470588235,4.0,30,DF,7500000
Timothy Fosu-Mensah,2017-2018,Crystal Palace,0.0,0.0,0.0,0.0,164.0,76.0,2.0,19,DF,8500000
Wayne Hennessey,2017-2018,Crystal Palace,0.0,0.0,0.0,0.0,8.0,90.0,1.0,30,GK,3600000
Wilfried Zaha,2017-2018,Crystal Palace,9.0,3.0,12.0,40.71294559099437,65.0,87.89655172413794,5.0,24,"FW,MF",22500000
Yohan Cabaye,2017-2018,Crystal Palace,0.0,1.0,1.0,29.168858495528667,225.0,76.64516129032258,7.0,31,MF,11000000
Ashley Williams,2017-2018,Everton,1.0,0.0,1.0,23.43032159264931,263.0,76.41666666666667,6.0,32,DF,12500000
Davy Klaassen,2017-2018,Everton,0.0,0.0,0.0,100.0,8.0,35.857142857142854,0.0,24,"MF,FW",27500000
Dominic Calvert-Lewin,2017-2018,Everton,3.0,6.0,9.0,37.37514518002323,61.0,58.8125,4.0,20,FW,1200000
Gylfi Sigurðsson,2017-2018,Everton,4.0,3.0,7.0,30.97686375321337,145.0,83.66666666666667,2.0,27,"MF,FW",23000000
Idrissa Gana Gueye,2017-2018,Everton,2.0,0.0,2.0,30.67538126361656,286.0,83.33333333333333,14.0,27,MF,24500000
James McCarthy,2017-2018,Everton,0.0,0.0,0.0,0.0,26.0,51.25,0.0,26,MF,15500000
Jonjoe Kenny,2017-2018,Everton,0.0,1.0,1.0,35.21594684385382,181.0,83.6842105263158,2.0,20,DF,200000
Jordan Pickford,2017-2018,Everton,0.0,0.0,0.0,0.0,28.0,90.0,0.0,23,GK,10000000
Leighton Baines,2017-2018,Everton,1.0,2.0,3.0,37.52455795677799,124.0,86.77272727272727,1.0,32,DF,12500000
Mason Holgate,2017-2018,Everton,0.0,0.0,0.0,17.462932454695224,144.0,78.93333333333334,3.0,20,DF,1500000
Michael Keane,2017-2018,Everton,0.0,1.0,1.0,7.574750830564783,339.0,85.33333333333333,3.0,24,DF,21000000
Morgan Schneiderlin,2017-2018,Everton,0.0,0.0,0.0,0.0,196.0,71.0,9.0,27,MF,25500000
Nikola Vlasic,2017-2018,Everton,0.0,0.0,0.0,20.44088176352705,42.0,48.0,0.0,19,"MF,FW",1600000
Oumar Niasse,2017-2018,Everton,7.0,2.0,9.0,48.69025114771807,21.0,49.40909090909091,2.0,27,FW,7000000
Phil Jagielka,2017-2018,Everton,0.0,0.0,0.0,29.01408450704225,281.0,82.6,2.0,34,DF,4500000
Seamus Coleman,2017-2018,Everton,0.0,1.0,1.0,39.67611336032388,69.0,86.25,0.0,28,DF,14000000
Theo Walcott,2017-2018,Everton,3.0,3.0,6.0,41.87779433681073,59.5,61.05,2.12,28,FW,15000000
Tom Davies,2017-2018,Everton,1.0,1.0,2.0,14.121589277166107,94.0,57.57575757575758,7.0,19,MF,7000000
Wayne Rooney,2017-2018,Everton,10.0,2.0,12.0,28.39221710189452,112.0,73.16129032258064,5.0,31,"MF,FW",15500000
Yannick Bolasie,2017-2018,Everton,1.0,0.0,1.0,36.80628272251309,25.0,53.1875,0.0,28,FW,10500000
Adam Lallana,2017-2018,Liverpool,0.0,0.0,0.0,0.0,8.0,20.33333333333333,1.0,29,"MF,FW",25000000
Alberto Moreno,2017-2018,Liverpool,0.0,0.0,0.0,16.444073455759597,110.0,79.125,1.0,25,DF,8000000
Alex Oxlade-Chamberlain,2017-2018,Liverpool,3.0,8.0,11.0,39.29864253393665,104.63,49.54285714285714,3.49,23,"MF,FW",20000000
Andrew Robertson,2017-2018,Liverpool,1.0,4.0,5.0,16.03305785123967,135.0,88.18181818181819,2.0,23,DF,8000000
Daniel Sturridge,2017-2018,Liverpool,2.0,1.0,3.0,38.050784167289024,2.54,36.6,0.0,27,FW,23500000
Danny Ings,2017-2018,Liverpool,1.0,0.0,1.0,62.5925925925926,12.0,33.375,0.0,25,FW,10000000
Dejan Lovren,2017-2018,Liverpool,1.0,0.0,1.0,28.807471264367813,236.0,73.34482758620689,4.0,28,DF,17500000
Dominic Solanke,2017-2018,Liverpool,0.0,0.0,0.0,31.948881789137378,23.0,28.38095238095238,0.0,19,FW,3800000
Emre Can,2017-2018,Liverpool,3.0,3.0,6.0,29.31995540691193,164.0,80.42307692307692,8.0,23,MF,19500000
Georginio Wijnaldum,2017-2018,Liverpool,1.0,2.0,3.0,23.77936130905252,99.0,72.33333333333333,1.0,26,MF,27000000
James Milner,2017-2018,Liverpool,0.0,2.0,2.0,23.5632183908046,135.0,55.46875,3.0,31,MF,9500000
Joe Gomez,2017-2018,Liverpool,0.0,1.0,1.0,0.0,168.0,82.69565217391305,3.0,20,DF,2800000
Joel Matip,2017-2018,Liverpool,1.0,0.0,1.0,18.01801801801802,197.0,79.88,3.0,25,DF,26500000
Jordan Henderson,2017-2018,Liverpool,0.0,0.0,0.0,19.344042838018744,142.0,80.4074074074074,1.0,27,MF,21500000
Loris Karius,2017-2018,Liverpool,0.0,0.0,0.0,0.0,5.0,90.0,1.0,24,GK,14000000
Mohamed Salah,2017-2018,Liverpool,31.0,10.0,41.0,44.99718547706164,32.0,80.75,1.0,25,FW,32500000
Ragnar Klavan,2017-2018,Liverpool,0.0,0.0,0.0,100.0,125.0,76.36842105263158,0.0,31,DF,7000000
Roberto Firmino,2017-2018,Liverpool,15.0,7.0,22.0,43.33453975147786,133.0,74.67567567567568,1.0,25,FW,34000000
Sadio Mane,2017-2018,Liverpool,9.0,7.0,16.0,37.15347242069163,65.0,75.51724137931035,6.0,25,FW,39000000
Simon Mignolet,2017-2018,Liverpool,0.0,0.0,0.0,0.0,7.0,90.0,3.0,29,GK,12000000
Trent Alexander-Arnold,2017-2018,Liverpool,1.0,1.0,2.0,41.97019867549669,131.0,82.78947368421052,3.0,18,DF,1900000
Benjamin Mendy,2017-2018,Manchester City,0.0,1.0,1.0,20.161290322580648,27.0,51.85714285714285,2.0,23,"DF,FW",13000000
Bernardo Silva,2017-2018,Manchester City,5.0,3.0,8.0,55.78231292517008,66.0,43.8,0.0,22,"FW,MF",43500000
Claudio Bravo,2017-2018,Manchester City,0.0,0.0,0.0,0.0,0.0,75.33333333333333,0.0,34,GK,9000000
Danilo,2017-2018,Manchester City,3.0,1.0,4.0,37.00787401574803,110.0,58.65217391304348,2.0,26,DF,10500000
David Silva,2017-2018,Manchester City,8.0,11.0,19.0,37.0,85.0,83.79310344827586,5.0,31,MF,44000000
Ederson,2017-2018,Manchester City,0.0,0.0,0.0,0.0,17.0,88.72222222222223,1.0,23,GK,26000000
Eliaquim Mangala,2017-2018,Manchester City,0.0,0.0,0.0,0.0,44.73,56.54545454545455,0.0,26,DF,11000000
Fabian Delph,2017-2018,Manchester City,0.0,1.0,1.0,30.776892430278885,134.0,79.13636363636364,2.0,27,DF,10000000
Fernandinho,2017-2018,Manchester City,5.0,2.0,7.0,40.13605442176871,215.0,84.73529411764706,7.0,32,MF,12500000
Gabriel Jesus,2017-2018,Manchester City,12.0,2.0,14.0,55.66493313521544,53.0,57.51724137931034,6.0,20,FW,31000000
Ilkay Gundogan,2017-2018,Manchester City,4.0,1.0,5.0,29.203280609256005,69.0,50.56666666666667,3.0,26,MF,46000000
John Stones,2017-2018,Manchester City,0.0,0.0,0.0,36.84210526315789,86.0,72.33333333333333,0.0,23,DF,14500000
Kevin De Bruyne,2017-2018,Manchester City,7.0,16.0,23.0,41.908355795148246,146.0,83.05405405405405,2.0,26,MF,83000000
Kyle Walker,2017-2018,Manchester City,0.0,5.0,5.0,7.16486902927581,172.0,87.0,10.0,27,DF,24000000
Leroy Sane,2017-2018,Manchester City,9.0,15.0,24.0,33.49114501139751,68.0,75.59375,4.0,21,FW,34000000
Nicolas Otamendi,2017-2018,Manchester City,3.0,0.0,3.0,30.927835051546392,256.0,87.26470588235294,9.0,29,DF,20000000
Oleksandr Zinchenko,2017-2018,Manchester City,0.0,0.0,0.0,40.0398406374502,39.0,66.5,1.0,20,DF,5000000
Raheem Sterling,2017-2018,Manchester City,18.0,10.0,28.0,38.45705628714602,61.0,78.36363636363636,11.0,22,FW,29500000
Sergio Aguero,2017-2018,Manchester City,20.0,6.0,26.0,42.13040097745196,30.0,78.52,2.0,29,FW,66500000
Vincent Kompany,2017-2018,Manchester City,0.0,0.0,0.0,22.46941045606229,119.0,82.0,6.0,31,DF,26000000
Yaya Toure,2017-2018,Manchester City,0.0,1.0,1.0,19.919517102615693,14.0,23.6,1.0,34,MF,12500000
Moritz Bauer,2017-2018,Stoke City,0.0,0.0,0.0,33.55263157894737,93.0,87.06666666666666,4.0,25,"DF,MF",1900000
Andre Ayew,2017-2018,Swansea City,0.0,3.0,3.0,53.64789849325932,79.29,61.5,5.8,27,"MF,FW",13000000
Aaron Ramsey,2018-2019,Arsenal,4.0,6.0,10.0,39.45454545454545,53.0,47.535714285714285,0.0,27,MF,25000000
Ainsley Maitland-Niles,2018-2019,Arsenal,0.0,0.0,0.0,58.69565217391305,89.0,61.6875,5.0,20,DF,4500000
Alex Iwobi,2018-2019,Arsenal,3.0,5.0,8.0,40.01141552511415,74.0,56.285714285714285,0.0,22,"FW,MF",11500000
Alexandre Lacazette,2018-2019,Arsenal,13.0,8.0,21.0,34.70951792336217,108.0,71.48571428571428,2.0,27,FW,36500000
Bernd Leno,2018-2019,Arsenal,0.0,0.0,0.0,0.0,20.0,88.625,0.0,26,GK,27000000
Granit Xhaka,2018-2019,Arsenal,3.0,1.0,4.0,38.46419923901764,179.0,86.13793103448276,10.0,25,"MF,DF",22000000
Hector Bellerin,2018-2019,Arsenal,0.0,4.0,4.0,21.69811320754717,89.0,80.6842105263158,3.0,23,DF,16500000
Henrikh Mkhitaryan,2018-2019,Arsenal,6.0,4.0,10.0,28.61519607843137,91.0,65.64,1.0,29,"FW,MF",30500000
Laurent Koscielny,2018-2019,Arsenal,2.0,0.0,2.0,79.52286282306163,141.0,78.29411764705883,1.0,32,DF,12500000
Lucas Torreira,2018-2019,Arsenal,2.0,2.0,4.0,24.48815736651947,173.0,70.05882352941177,10.0,22,MF,14500000
Matteo Guendouzi,2018-2019,Arsenal,0.0,0.0,0.0,25.35915053091817,126.0,65.12121212121212,9.0,19,MF,1300000
Mesut Ozil,2018-2019,Arsenal,5.0,1.0,6.0,54.36363636363637,31.0,72.29166666666667,2.0,29,"MF,FW",43500000
Mohamed Elneny,2018-2019,Arsenal,0.0,0.0,0.0,0.0,30.0,47.5,0.0,26,MF,11500000
Nacho Monreal,2018-2019,Arsenal,1.0,3.0,4.0,55.82386363636363,156.0,84.5909090909091,5.0,32,DF,8000000
Petr Cech,2018-2019,Arsenal,0.0,0.0,0.0,0.0,6.0,83.42857142857143,0.0,36,GK,3000000
Pierre-Emerick Aubameyang,2018-2019,Arsenal,22.0,5.0,27.0,38.10058374494836,77.0,75.72222222222223,0.0,29,FW,50500000
Rob Holding,2018-2019,Arsenal,0.0,0.0,0.0,0.0,72.0,80.7,1.0,22,DF,7500000
Sead Kolasinac,2018-2019,Arsenal,0.0,5.0,5.0,23.25581395348837,94.0,78.625,5.0,25,"DF,MF",15500000
Shkodran Mustafi,2018-2019,Arsenal,2.0,0.0,2.0,45.16129032258064,322.0,84.2258064516129,9.0,26,DF,22500000
Sokratis Papastathopoulos,2018-2019,Arsenal,0.0,1.0,1.0,8.925318761384334,214.0,87.92,12.0,30,DF,23000000
Stephan Lichtsteiner,2018-2019,Arsenal,0.0,0.0,0.0,0.0,60.0,67.0,3.0,34,DF,4200000
Adam Smith,2018-2019,Bournemouth,0.0,0.0,0.0,13.333333333333334,171.0,82.64,8.0,27,"DF,MF",5500000
Andrew Surman,2018-2019,Bournemouth,0.0,0.0,0.0,10.714285714285712,75.0,79.94444444444444,2.0,31,MF,6500000
Artur Boruc,2018-2019,Bournemouth,0.0,0.0,0.0,0.0,2.0,90.0,2.0,38,GK,450000
Asmir Begovic,2018-2019,Bournemouth,0.0,0.0,0.0,0.0,17.0,90.0,0.0,31,GK,7500000
Callum Wilson,2018-2019,Bournemouth,14.0,8.0,22.0,42.8662217985383,43.0,84.26666666666667,3.0,26,FW,12500000
Charlie Daniels,2018-2019,Bournemouth,1.0,0.0,1.0,24.979114452798665,115.0,75.47619047619048,4.0,31,DF,4400000
Chris Mepham,2018-2019,Bournemouth,0.0,1.0,1.0,0.0,92.0,65.38461538461539,1.0,20,DF,1400000
Dan Gosling,2018-2019,Bournemouth,1.0,0.0,1.0,33.032319391634985,156.0,69.56,8.0,28,MF,4000000
David Brooks,2018-2019,Bournemouth,7.0,5.0,12.0,49.08335370325104,125.0,75.36666666666666,3.0,21,"MF,FW",2000000
Diego Rico,2018-2019,Bournemouth,0.0,0.0,0.0,0.0,61.0,51.0,1.0,25,"DF,MF",8000000
Dominic Solanke,2018-2019,Bournemouth,0.0,1.0,1.0,27.33812949640288,23.0,34.7,0.0,20,"FW,MF",3900000
Jefferson Lerma,2018-2019,Bournemouth,1.0,0.0,1.0,26.117952041477643,222.0,83.53333333333333,12.0,23,MF,14500000
Jordon Ibe,2018-2019,Bournemouth,0.0,0.0,0.0,33.370044052863435,16.0,41.94736842105263,1.0,22,"MF,DF",7500000
Joshua King,2018-2019,Bournemouth,11.0,2.0,13.0,27.370331165885386,79.0,84.6,3.0,26,"FW,MF",12500000
Junior Stanislas,2018-2019,Bournemouth,1.0,2.0,3.0,27.445652173913043,37.0,44.82608695652174,1.0,28,"MF,FW",6500000
Lewis Cook,2018-2019,Bournemouth,0.0,0.0,0.0,0.0,36.0,55.61538461538461,2.0,21,MF,12500000
Lys Mousset,2018-2019,Bournemouth,0.0,0.0,0.0,58.368026644462944,10.0,15.333333333333334,1.0,22,FW,2400000
Nathan Ake,2018-2019,Bournemouth,4.0,0.0,4.0,31.827269092363053,390.0,89.76315789473684,3.0,23,DF,14500000
Nathaniel Clyne,2018-2019,Bournemouth,0.0,1.0,1.0,0.0,103.98,69.66666666666667,2.19,27,DF,13500000
Ryan Fraser,2018-2019,Bournemouth,7.0,14.0,21.0,48.96159874608151,97.0,83.3157894736842,2.0,24,"MF,FW",8500000
Simon Francis,2018-2019,Bournemouth,0.0,2.0,2.0,31.8936877076412,132.0,72.29411764705883,1.0,33,DF,2700000
Steve Cook,2018-2019,Bournemouth,0.0,0.0,0.0,42.64705882352941,324.0,89.87096774193549,3.0,27,DF,7500000
Alireza Jahanbakhsh,2018-2019,Brighton,0.0,0.0,0.0,28.660287081339717,63.0,53.68421052631579,2.0,24,"FW,MF",13000000
Anthony Knockaert,2018-2019,Brighton,2.0,5.0,7.0,33.34571110285927,86.0,61.23333333333333,7.0,26,"MF,FW",8000000
Beram Kayal,2018-2019,Brighton,1.0,1.0,2.0,39.67935871743487,85.0,52.22222222222222,4.0,30,MF,2900000
Bernardo,2018-2019,Brighton,0.0,0.0,0.0,36.54568210262829,210.0,79.63636363636364,4.0,23,DF,7500000
Bruno,2018-2019,Brighton,0.0,1.0,1.0,0.0,73.0,80.78571428571429,2.0,37,DF,275000
Dale Stephens,2018-2019,Brighton,1.0,1.0,2.0,9.963768115942033,209.0,82.83333333333333,9.0,29,MF,7500000
David Button,2018-2019,Brighton,0.0,0.0,0.0,0.0,2.0,90.0,0.0,29,GK,600000
Davy Propper,2018-2019,Brighton,1.0,1.0,2.0,13.2,161.0,84.86666666666666,2.0,26,MF,11000000
Florin Andone,2018-2019,Brighton,3.0,0.0,3.0,42.29352972119936,34.0,38.30434782608695,5.0,25,FW,11500000
Gaetan Bong,2018-2019,Brighton,0.0,0.0,0.0,0.0,114.0,82.18181818181819,0.0,30,DF,4100000
Glenn Murray,2018-2019,Brighton,13.0,1.0,14.0,34.08089707649179,56.0,66.0,5.0,34,FW,4100000
Jose Izquierdo,2018-2019,Brighton,0.0,0.0,0.0,19.98663101604278,34.0,53.0,1.0,26,"MF,FW",10500000
Jurgen Locadia,2018-2019,Brighton,2.0,0.0,2.0,33.49388662467581,45.0,47.53846153846154,1.0,24,"FW,MF",10000000
Leon Balogun,2018-2019,Brighton,0.0,0.0,0.0,100.0,66.0,74.25,2.0,30,DF,4900000
Lewis Dunk,2018-2019,Brighton,2.0,1.0,3.0,19.29824561403509,333.0,87.52777777777777,13.0,26,DF,9500000
Martin Montoya,2018-2019,Brighton,0.0,0.0,0.0,12.075471698113208,212.0,86.68,4.0,27,DF,8000000
Mathew Ryan,2018-2019,Brighton,0.0,0.0,0.0,0.0,14.0,90.0,2.0,26,GK,9000000
Pascal Groß,2018-2019,Brighton,2.0,2.0,4.0,32.087511394712855,83.0,74.56,1.0,27,"MF,FW",12000000
Shane Duffy,2018-2019,Brighton,5.0,1.0,6.0,37.95896328293737,372.0,88.2,7.0,26,DF,8000000
Solly March,2018-2019,Brighton,1.0,4.0,5.0,21.01348210134821,161.0,70.37142857142857,1.0,24,"FW,MF",4100000
Yves Bissouma,2018-2019,Brighton,0.0,0.0,0.0,9.537665696734562,145.0,63.35714285714285,5.0,21,MF,4900000
Aaron Lennon,2018-2019,Burnley,0.0,0.0,0.0,49.876543209876544,78.0,75.9375,1.0,31,MF,8000000
Ashley Barnes,2018-2019,Burnley,11.0,2.0,13.0,44.72929936305733,84.0,64.54054054054055,8.0,28,FW,9000000
Ashley Westwood,2018-2019,Burnley,1.0,6.0,7.0,31.43767060964513,185.0,83.05882352941177,5.0,28,MF,6500000
Ben Mee,2018-2019,Burnley,0.0,1.0,1.0,20.0,397.0,90.0,9.0,28,DF,12000000
Charlie Taylor,2018-2019,Burnley,0.0,1.0,1.0,0.0,289.0,85.34210526315789,2.0,24,DF,6000000
Chris Wood,2018-2019,Burnley,10.0,2.0,12.0,39.02439024390244,58.0,68.10526315789474,2.0,26,FW,12500000
Dwight McNeil,2018-2019,Burnley,3.0,4.0,7.0,22.23042836041359,114.0,75.76190476190476,2.0,18,MF,625000
Jack Cork,2018-2019,Burnley,1.0,1.0,2.0,10.86828115770821,201.0,89.51351351351352,6.0,29,MF,12000000
James Tarkowski,2018-2019,Burnley,3.0,1.0,4.0,40.63781321184511,425.0,88.17142857142858,8.0,25,DF,15500000
Jeff Hendrick,2018-2019,Burnley,2.0,0.0,2.0,31.29931614939505,87.0,64.46875,4.0,26,"MF,FW",8000000
Johann Berg Guðmundsson,2018-2019,Burnley,2.0,6.0,8.0,27.058823529411768,119.0,60.41379310344828,2.0,27,MF,13000000
Kevin Long,2018-2019,Burnley,0.0,1.0,1.0,0.0,67.0,85.66666666666667,0.0,27,DF,3400000
Matej Vydra,2018-2019,Burnley,0.0,0.0,0.0,50.08403361344538,13.0,24.46153846153846,1.0,26,FW,8000000
Matthew Lowton,2018-2019,Burnley,0.0,0.0,0.0,0.0,195.0,83.33333333333333,7.0,29,DF,8000000
Phil Bardsley,2018-2019,Burnley,0.0,0.0,0.0,7.6923076923076925,156.0,87.89473684210526,9.0,33,DF,900000
Robbie Brady,2018-2019,Burnley,0.0,0.0,0.0,16.666666666666664,47.0,45.0,6.0,26,MF,10500000
Sam Vokes,2018-2019,Burnley,3.0,0.0,3.0,31.956423059464367,23.0,45.75,0.0,28,FW,8000000
Stephen Ward,2018-2019,Burnley,0.0,0.0,0.0,100.0,25.0,76.0,1.0,32,DF,4300000
Steven Defour,2018-2019,Burnley,0.0,0.0,0.0,0.0,34.0,74.66666666666667,0.0,30,MF,13500000
Tom Heaton,2018-2019,Burnley,0.0,0.0,0.0,0.0,8.0,90.0,3.0,32,GK,8500000
Oumar Niasse,2018-2019,Cardiff City,0.0,0.0,0.0,35.36585365853659,29.92,55.22222222222222,0.0,28,FW,7000000
Andreas Christensen,2018-2019,Chelsea,0.0,0.0,0.0,0.0,47.0,77.125,1.0,22,DF,26500000
Antonio Rudiger,2018-2019,Chelsea,0.0,0.0,0.0,22.345132743362832,177.0,87.0,7.0,25,DF,18500000
Callum Hudson-Odoi,2018-2019,Chelsea,0.0,1.0,1.0,50.41459369817579,12.0,39.3,0.0,17,FW,1800000
Cesar Azpilicueta,2018-2019,Chelsea,1.0,4.0,5.0,42.21046443268665,302.0,89.52631578947368,4.0,28,DF,40500000
David Luiz,2018-2019,Chelsea,2.0,2.0,4.0,23.157894736842103,258.0,89.94444444444444,3.0,31,DF,17500000
Eden Hazard,2018-2019,Chelsea,15.0,14.0,29.0,43.79562043795621,43.0,79.0,2.0,27,FW,93000000
Emerson Palmieri,2018-2019,Chelsea,0.0,0.0,0.0,20.675944333996025,47.0,66.3,0.0,23,DF,8500000
Jorginho,2018-2019,Chelsea,2.0,0.0,2.0,33.35195530726257,224.0,85.29729729729729,8.0,26,MF,38000000
Kepa Arrizabalaga,2018-2019,Chelsea,0.0,0.0,0.0,0.0,6.0,90.0,2.0,23,GK,28500000
Marcos Alonso,2018-2019,Chelsea,2.0,3.0,5.0,15.643695989364057,238.0,89.0,6.0,27,DF,20500000
Mateo Kovacic,2018-2019,Chelsea,0.0,1.0,1.0,14.474624731951394,90.0,54.21875,3.0,24,MF,35000000
N'Golo Kante,2018-2019,Chelsea,4.0,4.0,8.0,20.242214532871973,214.0,85.88888888888889,3.0,27,MF,63000000
Olivier Giroud,2018-2019,Chelsea,1.0,4.0,5.0,31.1639549436796,19.0,31.37037037037037,1.0,31,FW,20000000
Pedro,2018-2019,Chelsea,7.0,1.0,8.0,43.95316322963998,66.0,57.354838709677416,2.0,31,FW,21000000
Ross Barkley,2018-2019,Chelsea,3.0,4.0,7.0,21.958384332925338,49.0,46.11111111111112,1.0,24,MF,16000000
Ruben Loftus-Cheek,2018-2019,Chelsea,5.0,2.0,7.0,28.45441595441596,44.0,41.583333333333336,0.0,22,"MF,FW",13000000
Willian,2018-2019,Chelsea,3.0,6.0,9.0,35.33397870280736,77.0,65.53125,2.0,29,FW,30500000
Willy Caballero,2018-2019,Chelsea,0.0,0.0,0.0,0.0,1.0,90.0,0.0,36,GK,1000000
Aaron Wan-Bissaka,2018-2019,Crystal Palace,0.0,3.0,3.0,0.0,423.0,89.54285714285714,7.0,20,DF,3000000
Andros Townsend,2018-2019,Crystal Palace,6.0,4.0,10.0,30.32329988851728,176.0,79.1842105263158,1.0,27,"FW,MF",11000000
Cheikhou Kouyate,2018-2019,Crystal Palace,0.0,1.0,1.0,40.0,137.0,61.25806451612903,3.0,28,MF,6000000
Christian Benteke,2018-2019,Crystal Palace,0.0,0.0,0.0,30.66202090592335,26.0,50.875,1.0,27,FW,12000000
James McArthur,2018-2019,Crystal Palace,3.0,6.0,9.0,24.0,242.0,80.47368421052632,7.0,30,MF,7000000
James Tomkins,2018-2019,Crystal Palace,1.0,1.0,2.0,32.46456332876086,275.0,88.27586206896552,5.0,29,DF,9000000
Jeffrey Schlupp,2018-2019,Crystal Palace,4.0,0.0,4.0,28.47988608045568,117.0,55.66666666666666,1.0,25,"MF,FW",4100000
Joel Ward,2018-2019,Crystal Palace,0.0,0.0,0.0,48.75621890547264,59.0,78.85714285714286,1.0,28,DF,4400000
Jordan Ayew,2018-2019,Crystal Palace,1.0,1.0,2.0,11.152278621711744,67.0,59.05,3.0,26,FW,10500000
Luka Milivojevic,2018-2019,Crystal Palace,12.0,1.0,13.0,28.09917355371901,277.0,90.0,10.0,27,MF,12500000
Mamadou Sakho,2018-2019,Crystal Palace,0.0,0.0,0.0,0.0,228.0,89.48148148148148,2.0,28,DF,13500000
Martin Kelly,2018-2019,Crystal Palace,0.0,0.0,0.0,33.220338983050844,138.0,85.46153846153847,2.0,28,DF,5500000
Max Meyer,2018-2019,Crystal Palace,0.0,2.0,2.0,21.08449591997894,73.0,48.82758620689656,3.0,22,MF,16000000
Patrick van Aanholt,2018-2019,Crystal Palace,2.0,2.0,4.0,24.40106477373558,212.0,88.75,3.0,27,DF,6000000
Scott Dann,2018-2019,Crystal Palace,0.0,1.0,1.0,17.362270450751254,73.0,66.3,1.0,31,DF,5000000
Vicente Guaita,2018-2019,Crystal Palace,0.0,0.0,0.0,0.0,5.0,87.7,2.0,31,GK,11000000
Wayne Hennessey,2018-2019,Crystal Palace,0.0,0.0,0.0,0.0,5.0,87.55555555555556,0.0,31,GK,4000000
Wilfried Zaha,2018-2019,Crystal Palace,10.0,5.0,15.0,37.03805467784036,72.0,89.29411764705883,16.0,25,FW,28500000
Ademola Lookman,2018-2019,Everton,0.0,2.0,2.0,25.165562913907287,34.0,29.428571428571427,0.0,20,"FW,MF",5500000
Andre Gomes,2018-2019,Everton,1.0,1.0,2.0,24.210526315789476,104.0,73.33333333333333,7.0,25,MF,19500000
Bernard,2018-2019,Everton,0.0,3.0,3.0,21.40686061658706,127.0,62.23529411764706,5.0,25,"FW,MF",18500000
Cenk Tosun,2018-2019,Everton,2.0,2.0,4.0,45.85695006747638,33.0,42.36,3.0,27,FW,17500000
Dominic Calvert-Lewin,2018-2019,Everton,5.0,1.0,6.0,30.917501927525056,55.0,50.97142857142857,3.0,21,FW,9000000
Gylfi Sigurðsson,2018-2019,Everton,13.0,5.0,18.0,35.894268774703555,146.0,82.02631578947368,3.0,28,MF,22500000
Idrissa Gana Gueye,2018-2019,Everton,0.0,1.0,1.0,21.30548302872063,316.0,85.51515151515152,6.0,28,MF,18000000
Jonjoe Kenny,2018-2019,Everton,0.0,0.0,0.0,0.0,87.0,79.1,1.0,21,DF,3000000
Jordan Pickford,2018-2019,Everton,0.0,0.0,0.0,0.0,20.0,90.0,1.0,24,GK,23500000
Kurt Zouma,2018-2019,Everton,2.0,2.0,4.0,15.384615384615383,239.0,81.625,11.0,23,DF,12000000
Leighton Baines,2018-2019,Everton,0.0,0.0,0.0,50.0,20.0,62.5,0.0,33,DF,4800000
Lucas Digne,2018-2019,Everton,3.0,3.0,6.0,29.12363529064621,290.0,84.71428571428571,8.0,25,DF,11500000
Mason Holgate,2018-2019,Everton,0.0,0.0,0.0,0.0,43.0,81.6,1.0,21,DF,9000000
Michael Keane,2018-2019,Everton,0.0,1.0,1.0,28.723404255319156,299.0,89.96969696969697,2.0,25,DF,13500000
Morgan Schneiderlin,2018-2019,Everton,0.0,1.0,1.0,0.0,71.0,59.57142857142857,2.0,28,MF,10000000
Phil Jagielka,2018-2019,Everton,1.0,0.0,1.0,100.0,24.0,47.285714285714285,3.0,35,DF,2400000
Richarlison,2018-2019,Everton,13.0,0.0,13.0,33.92857142857143,134.0,76.14285714285714,8.0,21,"FW,MF",13000000
Seamus Coleman,2018-2019,Everton,1.0,1.0,2.0,47.17607973421927,170.0,88.20689655172414,1.0,29,DF,11000000
Theo Walcott,2018-2019,Everton,4.0,1.0,5.0,48.65116279069768,74.0,57.270270270270274,1.0,29,"FW,MF",12500000
Tom Davies,2018-2019,Everton,0.0,0.0,0.0,28.08022922636103,67.0,61.25,3.0,20,MF,10000000
Yerry Mina,2018-2019,Everton,0.0,0.0,0.0,25.0,87.0,68.61538461538461,3.0,23,DF,12500000
Aleksandar Mitrovic,2018-2019,Fulham,10.0,2.0,12.0,35.290496344747986,100.0,88.64864864864865,7.0,23,FW,10500000
Alfie Mawson,2018-2019,Fulham,0.0,0.0,0.0,50.0,114.0,75.4,2.0,24,DF,9000000
Andre Schurrle,2018-2019,Fulham,6.0,0.0,6.0,30.804221251819506,71.0,68.375,2.0,27,"FW,MF",11000000
Andre-Frank Zambo Anguissa,2018-2019,Fulham,0.0,0.0,0.0,24.005681818181817,139.0,68.95454545454545,5.0,22,MF,8500000
Calum Chambers,2018-2019,Fulham,2.0,0.0,2.0,31.13261240751281,283.0,83.48387096774194,9.0,23,"MF,DF",8000000
Cyrus Christie,2018-2019,Fulham,0.0,1.0,1.0,25.420875420875426,193.0,69.57142857142857,7.0,25,"DF,MF",3400000
Denis Odoi,2018-2019,Fulham,0.0,0.0,0.0,8.531746031746032,288.0,83.6774193548387,4.0,30,DF,775000
Fabricio,2018-2019,Fulham,0.0,0.0,0.0,0.0,4.0,90.0,0.0,30,GK,9500000
Floyd Ayite,2018-2019,Fulham,1.0,0.0,1.0,14.428571428571429,24.0,29.75,0.0,29,"FW,MF",1700000
Jean Seri,2018-2019,Fulham,1.0,1.0,2.0,31.60676532769556,130.0,70.125,6.0,27,MF,25500000
Joe Bryan,2018-2019,Fulham,0.0,1.0,1.0,33.34910122989593,208.0,83.75,5.0,24,"DF,MF",7500000
Kevin McDonald,2018-2019,Fulham,0.0,0.0,0.0,0.0,54.0,56.06666666666667,8.0,29,MF,5000000
Luciano Vietto,2018-2019,Fulham,0.0,4.0,4.0,29.22374429223744,35.0,49.3,1.0,24,"FW,MF",10500000
Marcus Bettinelli,2018-2019,Fulham,0.0,0.0,0.0,0.0,5.0,90.0,1.0,26,GK,2800000
Maxime Le Marchand,2018-2019,Fulham,0.0,1.0,1.0,0.0,269.0,86.53846153846153,5.0,28,DF,5500000
Ryan Sessegnon,2018-2019,Fulham,2.0,5.0,7.0,39.09801136363637,115.0,65.71428571428571,0.0,18,"FW,DF",12000000
Sergio Rico,2018-2019,Fulham,0.0,0.0,0.0,0.0,15.0,90.0,1.0,24,GK,14500000
Stefan Johansen,2018-2019,Fulham,0.0,0.0,0.0,0.0,25.0,34.75,4.0,27,MF,7500000
Tim Ream,2018-2019,Fulham,0.0,0.0,0.0,0.0,147.0,78.73076923076923,1.0,30,DF,3000000
Timothy Fosu-Mensah,2018-2019,Fulham,0.0,0.0,0.0,24.49494949494949,71.0,66.08333333333333,3.0,20,DF,7500000
Tom Cairney,2018-2019,Fulham,0.0,0.0,0.0,21.413634462567963,81.0,70.7741935483871,0.0,27,"MF,FW",14000000
Adam Lallana,2018-2019,Liverpool,0.0,0.0,0.0,19.839679358717436,35.0,36.0,1.0,30,"MF,FW",16500000
Alisson,2018-2019,Liverpool,0.0,0.0,0.0,0.0,17.0,90.0,1.0,25,GK,36500000
Andrew Robertson,2018-2019,Liverpool,0.0,11.0,11.0,31.11387678904792,199.0,89.33333333333333,4.0,24,DF,20000000
Daniel Sturridge,2018-2019,Liverpool,2.0,1.0,3.0,33.31494760066189,8.0,28.27777777777778,1.0,28,"FW,MF",15500000
Dejan Lovren,2018-2019,Liverpool,0.0,0.0,0.0,16.363636363636363,88.0,75.84615384615384,1.0,29,DF,16000000
Divock Origi,2018-2019,Liverpool,2.0,0.0,2.0,46.362229102167184,10.0,30.916666666666668,0.0,23,FW,12000000
Fabinho,2018-2019,Liverpool,1.0,2.0,3.0,23.664785062961357,200.2,70.05128205128206,8.12,24,MF,42500000
Georginio Wijnaldum,2018-2019,Liverpool,3.0,0.0,3.0,26.266666666666666,107.0,77.85714285714286,3.0,27,MF,25000000
James Milner,2018-2019,Liverpool,4.0,3.0,7.0,18.8715030820294,131.0,57.70967741935484,13.0,32,"MF,DF",13500000
Joe Gomez,2018-2019,Liverpool,0.0,0.0,0.0,18.951612903225808,84.0,66.4375,2.0,21,DF,10500000
Joel Matip,2018-2019,Liverpool,1.0,0.0,1.0,25.497512437810943,161.0,69.86363636363636,3.0,26,DF,18000000
Jordan Henderson,2018-2019,Liverpool,1.0,3.0,4.0,6.976744186046512,120.0,62.09375,9.0,28,MF,18000000
Mohamed Salah,2018-2019,Liverpool,22.0,7.0,29.0,44.74725602926902,41.0,85.52631578947368,1.0,26,FW,69500000
Naby Keita,2018-2019,Liverpool,2.0,0.0,2.0,33.13543599257885,94.0,55.6,0.0,23,"MF,FW",34000000
Roberto Firmino,2018-2019,Liverpool,11.0,6.0,17.0,43.13725490196078,87.0,76.67647058823529,0.0,26,"FW,MF",54500000
Sadio Mane,2018-2019,Liverpool,21.0,1.0,22.0,48.4286865431104,88.0,85.47222222222223,2.0,26,FW,52000000
Trent Alexander-Arnold,2018-2019,Liverpool,1.0,12.0,13.0,31.12947658402204,183.0,84.89655172413794,3.0,19,DF,14000000
Virgil van Dijk,2018-2019,Liverpool,4.0,1.0,5.0,25.624391826143366,308.0,89.05263157894737,1.0,27,DF,38500000
Xherdan Shaqiri,2018-2019,Liverpool,6.0,2.0,8.0,38.63636363636363,32.0,44.333333333333336,2.0,26,"FW,MF",21000000
Aymeric Laporte,2018-2019,Manchester City,3.0,3.0,6.0,27.27272727272727,195.0,87.34285714285714,3.0,24,DF,29500000
Benjamin Mendy,2018-2019,Manchester City,0.0,5.0,5.0,42.85714285714285,57.0,90.0,1.0,24,DF,20500000
Bernardo Silva,2018-2019,Manchester City,6.0,6.0,12.0,35.20038628681797,150.0,79.27777777777777,3.0,23,"MF,FW",42500000
Danilo,2018-2019,Manchester City,0.0,0.0,0.0,21.15384615384616,62.0,73.36363636363636,1.0,27,DF,12000000
David Silva,2018-2019,Manchester City,5.0,8.0,13.0,35.07843137254902,85.0,72.75757575757575,2.0,32,MF,51500000
Ederson,2018-2019,Manchester City,0.0,1.0,1.0,0.0,16.0,90.0,2.0,24,GK,41500000
Fabian Delph,2018-2019,Manchester City,0.0,0.0,0.0,74.07407407407408,58.0,65.9090909090909,4.0,28,DF,11500000
Fernandinho,2018-2019,Manchester City,1.0,2.0,3.0,23.687707641196013,196.0,81.96551724137932,5.0,33,MF,18000000
Gabriel Jesus,2018-2019,Manchester City,7.0,2.0,9.0,52.3106241067175,33.0,35.724137931034484,1.0,21,FW,40500000
Ilkay Gundogan,2018-2019,Manchester City,5.0,3.0,8.0,25.407925407925408,78.0,68.93548387096774,3.0,27,MF,35000000
John Stones,2018-2019,Manchester City,0.0,0.0,0.0,19.215686274509807,109.0,73.5,1.0,24,DF,25000000
Kevin De Bruyne,2018-2019,Manchester City,1.0,1.0,2.0,38.815150534153446,40.0,51.31578947368421,2.0,27,MF,102000000
Kyle Walker,2018-2019,Manchester City,0.0,0.0,0.0,19.133745835316518,153.0,84.21212121212122,3.0,28,DF,24500000
Leroy Sane,2018-2019,Manchester City,9.0,9.0,18.0,42.95938450527822,55.0,60.2258064516129,1.0,22,FW,62500000
Nicolas Otamendi,2018-2019,Manchester City,0.0,0.0,0.0,20.16075016744809,115.0,68.66666666666667,1.0,30,DF,33000000
Oleksandr Zinchenko,2018-2019,Manchester City,0.0,2.0,2.0,14.488636363636363,87.0,82.21428571428571,1.0,21,DF,3300000
Phil Foden,2018-2019,Manchester City,1.0,0.0,1.0,42.846872753414814,13.0,25.76923076923077,0.0,18,MF,8000000
Raheem Sterling,2018-2019,Manchester City,16.0,8.0,24.0,49.1948051948052,81.0,81.5,3.0,23,FW,49000000
Riyad Mahrez,2018-2019,Manchester City,7.0,4.0,11.0,47.31568998109641,44.0,49.74074074074074,0.0,27,"FW,MF",40500000
Sergio Aguero,2018-2019,Manchester City,21.0,7.0,28.0,35.2956386829857,44.0,74.51515151515152,4.0,30,FW,64500000
Vincent Kompany,2018-2019,Manchester City,0.0,0.0,0.0,18.886679920477132,98.0,72.0,6.0,32,DF,22000000
Ainsley Maitland-Niles,2019-2020,Arsenal,0.0,2.0,2.0,23.0,119.0,69.3,9.0,21,DF,9000000
Alexandre Lacazette,2019-2020,Arsenal,9.0,3.0,12.0,50.0,67.0,62.46666666666667,8.0,28,FW,46000000
Bernd Leno,2019-2020,Arsenal,0.0,0.0,0.0,0.0,9.0,88.3,2.0,27,GK,26000000
Bukayo Saka,2019-2020,Arsenal,0.0,5.0,5.0,31.36954858454476,79.0,67.42307692307692,6.0,17,"DF,FW",1200000
Calum Chambers,2019-2020,Arsenal,0.0,0.0,0.0,16.304347826086953,98.0,78.71428571428571,5.0,24,DF,8000000
Dani Ceballos,2019-2020,Arsenal,0.0,2.0,2.0,23.20740169622205,107.0,70.5,1.0,22,MF,24000000
David Luiz,2019-2020,Arsenal,1.0,0.0,1.0,35.12343005630142,235.0,85.12121212121212,11.0,32,DF,16500000
Emiliano Martinez,2019-2020,Arsenal,0.0,0.0,0.0,0.0,1.0,85.66666666666667,2.0,26,GK,6500000
Gabriel Martinelli,2019-2020,Arsenal,3.0,0.0,3.0,41.708126036484245,46.0,47.35714285714285,1.0,18,FW,1800000
Granit Xhaka,2019-2020,Arsenal,0.0,2.0,2.0,26.30614115490376,157.0,83.41935483870968,10.0,26,MF,21500000
Hector Bellerin,2019-2020,Arsenal,1.0,0.0,1.0,29.55523672883788,86.0,77.2,2.0,24,"DF,MF",17500000
Kieran Tierney,2019-2020,Arsenal,0.0,0.0,0.0,32.72727272727273,76.0,65.93333333333334,2.0,22,"DF,MF",11000000
Lucas Torreira,2019-2020,Arsenal,1.0,1.0,2.0,28.809523809523807,113.0,52.13793103448276,7.0,23,MF,27000000
Matteo Guendouzi,2019-2020,Arsenal,0.0,0.0,0.0,45.56962025316456,119.0,72.83333333333333,6.0,20,MF,11500000
Mesut Ozil,2019-2020,Arsenal,0.0,2.0,2.0,33.92857142857142,27.0,79.88888888888889,1.0,30,MF,29500000
Nicolas Pepe,2019-2020,Arsenal,4.0,6.0,10.0,34.7051597051597,60.0,64.83870967741936,4.0,24,FW,34500000
Pierre-Emerick Aubameyang,2019-2020,Arsenal,21.0,3.0,24.0,44.06033248926566,100.0,87.11111111111111,6.0,30,FW,57000000
Reiss Nelson,2019-2020,Arsenal,0.0,0.0,0.0,36.30573248407644,30.0,37.11764705882353,1.0,19,FW,6000000
Rob Holding,2019-2020,Arsenal,0.0,0.0,0.0,0.0,64.0,72.625,1.0,23,DF,10000000
Sead Kolasinac,2019-2020,Arsenal,0.0,2.0,2.0,0.0,102.0,65.42307692307692,4.0,26,DF,13500000
Shkodran Mustafi,2019-2020,Arsenal,0.0,0.0,0.0,26.84258416742493,117.0,80.46666666666667,2.0,27,DF,13000000
Sokratis Papastathopoulos,2019-2020,Arsenal,2.0,0.0,2.0,29.741379310344826,140.0,89.26315789473684,6.0,31,DF,23000000
Ahmed Elmohamady,2019-2020,Aston Villa,1.0,1.0,2.0,20.355731225296445,68.0,57.27777777777778,1.0,31,DF,1300000
Anwar El Ghazi,2019-2020,Aston Villa,4.0,4.0,8.0,37.04719013119249,59.0,60.3235294117647,3.0,24,"FW,MF",7500000
Bjorn Engels,2019-2020,Aston Villa,0.0,0.0,0.0,12.049689440993786,143.0,85.11764705882354,1.0,24,DF,9500000
Conor Hourihane,2019-2020,Aston Villa,3.0,4.0,7.0,34.705882352941174,75.0,56.81481481481482,4.0,28,MF,5500000
Danny Drinkwater,2019-2020,Aston Villa,0.0,0.0,0.0,0.0,24.12,63.4,1.21,29,MF,8500000
Douglas Luiz,2019-2020,Aston Villa,2.0,2.0,4.0,31.29770992366413,178.0,72.55555555555556,8.0,21,MF,9000000
Frederic Guilbert,2019-2020,Aston Villa,0.0,2.0,2.0,37.15365239294711,230.0,81.64,7.0,24,"DF,MF",9500000
Henri Lansbury,2019-2020,Aston Villa,0.0,0.0,0.0,0.0,13.0,19.5,0.0,28,MF,1800000
Jack Grealish,2019-2020,Aston Villa,7.0,6.0,13.0,32.005571030640674,106.0,89.80555555555556,8.0,23,"FW,MF",13000000
John McGinn,2019-2020,Aston Villa,3.0,3.0,6.0,36.45454545454545,121.0,82.57142857142857,3.0,24,MF,9000000
Jota,2019-2020,Aston Villa,0.0,1.0,1.0,16.80942184154176,20.380000000000003,18.06896551724138,0.0,28,"FW,MF",4000000
Keinan Davis,2019-2020,Aston Villa,0.0,0.0,0.0,29.37720329024677,8.0,30.444444444444443,0.0,21,FW,925000
Kortney Hause,2019-2020,Aston Villa,1.0,0.0,1.0,14.512922465208748,166.0,85.83333333333333,3.0,24,DF,1300000
Marvelous Nakamba,2019-2020,Aston Villa,0.0,0.0,0.0,14.697406340057636,182.0,63.310344827586206,5.0,25,MF,9000000
Matt Targett,2019-2020,Aston Villa,1.0,2.0,3.0,59.21625544267054,218.0,81.82142857142857,4.0,23,"DF,MF",4300000
Neil Taylor,2019-2020,Aston Villa,0.0,0.0,0.0,0.0,94.0,77.92857142857143,2.0,30,DF,1400000
Tom Heaton,2019-2020,Aston Villa,0.0,0.0,0.0,0.0,9.0,89.7,0.0,33,GK,8000000
Trezeguet,2019-2020,Aston Villa,6.0,1.0,7.0,33.772192300019945,104.0,57.35294117647059,7.0,24,"FW,MF",11000000
Tyrone Mings,2019-2020,Aston Villa,1.0,1.0,2.0,36.02484472049689,291.0,87.93939393939394,7.0,26,DF,6500000
Wesley Moraes,2019-2020,Aston Villa,4.0,0.0,4.0,50.0,52.0,84.85714285714286,3.0,22,FW,17500000
Ørjan Nyland,2019-2020,Aston Villa,0.0,0.0,0.0,0.0,1.0,77.0,0.0,28,GK,2300000
Aaron Ramsdale,2019-2020,Bournemouth,0.0,1.0,1.0,0.0,29.0,90.0,0.0,21,GK,1200000
Adam Smith,2019-2020,Bournemouth,0.0,0.0,0.0,22.19512195121952,163.0,85.625,7.0,28,DF,6500000
Andrew Surman,2019-2020,Bournemouth,0.0,0.0,0.0,0.0,11.0,47.0,1.0,32,MF,5000000
Arnaut Danjuma,2019-2020,Bournemouth,0.0,0.0,0.0,30.645161290322577,20.57,47.73333333333333,0.0,22,MF,11500000
Callum Wilson,2019-2020,Bournemouth,8.0,0.0,8.0,38.22618830814059,48.0,83.08571428571429,10.0,27,FW,17500000
Chris Mepham,2019-2020,Bournemouth,1.0,0.0,1.0,28.981348637015785,116.0,76.0,1.0,21,DF,5500000
Dan Gosling,2019-2020,Bournemouth,2.0,0.0,2.0,46.236559139784944,103.0,52.66666666666666,3.0,29,MF,6500000
David Brooks,2019-2020,Bournemouth,1.0,0.0,1.0,33.7228714524207,13.0,56.22222222222222,1.0,22,"MF,FW",13500000
Diego Rico,2019-2020,Bournemouth,0.0,3.0,3.0,28.58455882352941,267.0,86.37037037037037,6.0,26,DF,6000000
Dominic Solanke,2019-2020,Bournemouth,2.0,0.0,2.0,25.28266331658292,43.0,51.59375,1.0,21,FW,2900000
Harry Wilson,2019-2020,Bournemouth,6.0,0.0,6.0,35.625,75.0,53.096774193548384,2.0,22,"MF,FW",10500000
Jack Stacey,2019-2020,Bournemouth,0.0,2.0,2.0,41.28256513026052,130.0,81.52631578947368,2.0,23,DF,2500000
Jefferson Lerma,2019-2020,Bournemouth,0.0,2.0,2.0,7.000000000000001,193.0,81.9090909090909,16.0,24,MF,15000000
Joshua King,2019-2020,Bournemouth,6.0,4.0,10.0,43.70918589464519,53.0,77.34615384615384,0.0,27,"FW,MF",14500000
Junior Stanislas,2019-2020,Bournemouth,3.0,0.0,3.0,35.3356890459364,26.0,47.46666666666667,1.0,29,"MF,FW",6500000
Lewis Cook,2019-2020,Bournemouth,0.0,0.0,0.0,21.666666666666668,78.0,50.07407407407408,5.0,22,"MF,FW",12500000
Lloyd Kelly,2019-2020,Bournemouth,0.0,0.0,0.0,0.0,37.0,79.875,2.0,20,DF,1800000
Nathan Ake,2019-2020,Bournemouth,1.0,1.0,2.0,27.77777777777778,259.0,86.3103448275862,2.0,24,DF,17500000
Philip Billing,2019-2020,Bournemouth,1.0,1.0,2.0,23.935523114355227,294.0,74.41176470588235,8.0,23,MF,8000000
Ryan Fraser,2019-2020,Bournemouth,0.0,3.0,3.0,40.67796610169491,66.0,73.82142857142857,2.0,25,"MF,FW",21500000
Simon Francis,2019-2020,Bournemouth,0.0,0.0,0.0,0.0,121.0,64.6,8.0,34,DF,2500000
Steve Cook,2019-2020,Bournemouth,1.0,0.0,1.0,17.073170731707314,251.0,83.72413793103448,9.0,28,DF,9000000
Aaron Connolly,2019-2020,Brighton,2.0,0.0,2.0,34.19117647058824,21.0,52.41666666666666,0.0,19,FW,975000
Aaron Mooy,2019-2020,Brighton,2.0,2.0,4.0,24.650880388585307,128.0,67.25806451612904,6.0,28,"MF,FW",7500000
Adam Webster,2019-2020,Brighton,2.0,0.0,2.0,44.43053817271589,228.0,86.06451612903226,4.0,24,DF,6500000
Alireza Jahanbakhsh,2019-2020,Brighton,2.0,0.0,2.0,16.70781893004115,18.0,31.1,0.0,25,"FW,MF",8000000
Bernardo,2019-2020,Brighton,0.0,0.0,0.0,29.083094555873924,64.0,48.5,1.0,24,"DF,MF",8000000
Dale Stephens,2019-2020,Brighton,0.0,1.0,1.0,10.308738880167452,204.0,76.66666666666667,8.0,30,MF,7000000
Dan Burn,2019-2020,Brighton,0.0,0.0,0.0,0.0,283.0,84.70588235294117,5.0,27,DF,2400000
Davy Propper,2019-2020,Brighton,0.0,1.0,1.0,27.17203184492904,165.0,80.82857142857142,4.0,27,MF,10000000
Ezequiel Schelotto,2019-2020,Brighton,0.0,0.0,0.0,25.0,28.0,45.125,2.0,30,DF,3200000
Glenn Murray,2019-2020,Brighton,0.0,0.0,0.0,27.55949086884339,24.0,34.65217391304348,0.0,35,FW,4100000
Leandro Trossard,2019-2020,Brighton,4.0,2.0,6.0,26.7826513109532,55.0,64.87096774193549,0.0,24,"FW,MF",16500000
Lewis Dunk,2019-2020,Brighton,2.0,2.0,4.0,32.555879494655,275.0,89.72222222222223,9.0,27,DF,11000000
Martin Montoya,2019-2020,Brighton,0.0,1.0,1.0,36.78304239401496,140.0,70.22222222222223,5.0,28,"DF,MF",6500000
Mathew Ryan,2019-2020,Brighton,0.0,0.0,0.0,0.0,16.0,90.0,0.0,27,GK,12500000
Neal Maupay,2019-2020,Brighton,10.0,3.0,13.0,38.23717266340218,58.0,74.75675675675676,3.0,22,FW,9500000
Pascal Groß,2019-2020,Brighton,2.0,4.0,6.0,31.03448275862069,77.0,61.93103448275862,4.0,28,"MF,FW",10500000
Shane Duffy,2019-2020,Brighton,0.0,0.0,0.0,13.778409090909092,124.0,65.15789473684211,2.0,27,DF,11000000
Solly March,2019-2020,Brighton,0.0,1.0,1.0,38.167938931297705,75.0,60.1578947368421,2.0,25,"FW,MF",8500000
Steven Alzate,2019-2020,Brighton,0.0,0.0,0.0,23.49304482225657,78.0,62.526315789473685,1.0,20,"MF,DF",160000
Yves Bissouma,2019-2020,Brighton,0.0,0.0,0.0,43.85964912280701,111.0,57.22727272727273,4.0,22,MF,9000000
Aaron Lennon,2019-2020,Burnley,0.0,0.0,0.0,0.0,31.0,31.0,4.0,32,MF,4400000
Ashley Barnes,2019-2020,Burnley,6.0,0.0,6.0,28.07692307692308,32.0,71.15789473684211,4.0,29,FW,10500000
Ashley Westwood,2019-2020,Burnley,2.0,5.0,7.0,24.324324324324326,141.0,90.0,9.0,29,MF,8500000
Ben Mee,2019-2020,Burnley,0.0,0.0,0.0,35.84905660377358,290.0,90.0,7.0,29,DF,8500000
Charlie Taylor,2019-2020,Burnley,0.0,1.0,1.0,0.0,175.0,81.04166666666667,3.0,25,DF,8500000
Chris Wood,2019-2020,Burnley,14.0,1.0,15.0,43.63664790494059,44.0,76.15625,1.0,27,FW,10500000
Dwight McNeil,2019-2020,Burnley,1.0,5.0,6.0,29.460927705808608,171.0,87.84210526315789,5.0,19,MF,9500000
Erik Pieters,2019-2020,Burnley,0.0,3.0,3.0,20.92857142857143,172.0,78.25,2.0,30,"DF,MF",3200000
Jack Cork,2019-2020,Burnley,0.0,0.0,0.0,27.41935483870968,146.0,87.1,1.0,30,MF,7000000
James Tarkowski,2019-2020,Burnley,1.0,1.0,2.0,23.63636363636364,396.0,90.0,10.0,26,DF,14000000
Jay Rodriguez,2019-2020,Burnley,8.0,0.0,8.0,39.31598062953995,79.0,56.0,1.0,30,FW,7500000
Jeff Hendrick,2019-2020,Burnley,1.0,1.0,2.0,27.190605239385725,79.0,80.45833333333333,8.0,27,MF,7000000
Johann Berg Guðmundsson,2019-2020,Burnley,0.0,0.0,0.0,19.980019980019986,28.0,51.75,0.0,28,MF,10500000
Kevin Long,2019-2020,Burnley,0.0,0.0,0.0,0.0,51.0,70.5,0.0,28,DF,3900000
Matej Vydra,2019-2020,Burnley,2.0,1.0,3.0,55.549389567147614,18.0,43.10526315789474,0.0,27,FW,4600000
Matthew Lowton,2019-2020,Burnley,0.0,1.0,1.0,0.0,145.0,90.0,2.0,30,DF,5500000
Nick Pope,2019-2020,Burnley,0.0,0.0,0.0,0.0,19.0,90.0,1.0,27,GK,11000000
Phil Bardsley,2019-2020,Burnley,0.0,1.0,1.0,36.53846153846154,176.0,90.0,6.0,34,DF,1100000
Robbie Brady,2019-2020,Burnley,1.0,2.0,3.0,8.403361344537814,34.0,26.705882352941178,1.0,27,MF,8000000
Andreas Christensen,2019-2020,Chelsea,0.0,0.0,0.0,27.77777777777778,135.0,83.38095238095238,5.0,23,DF,19000000
Antonio Rudiger,2019-2020,Chelsea,2.0,0.0,2.0,25.396825396825395,118.0,85.5,3.0,26,DF,24000000
Billy Gilmour,2019-2020,Chelsea,0.0,0.0,0.0,0.0,13.0,32.333333333333336,0.0,18,MF,675000
Callum Hudson-Odoi,2019-2020,Chelsea,0.0,4.0,4.0,19.17221693625119,28.0,39.22727272727273,1.0,18,"FW,MF",11500000
Cesar Azpilicueta,2019-2020,Chelsea,2.0,6.0,8.0,20.97661623108666,303.0,89.69444444444444,1.0,29,DF,25500000
Christian Pulisic,2019-2020,Chelsea,8.0,4.0,12.0,39.81540420114577,55.0,68.88,0.0,20,FW,18000000
Emerson Palmieri,2019-2020,Chelsea,0.0,0.0,0.0,54.38461538461539,73.0,68.26666666666667,3.0,24,DF,10500000
Fikayo Tomori,2019-2020,Chelsea,1.0,0.0,1.0,42.796005706134096,112.0,86.06666666666666,3.0,21,DF,4900000
Jorginho,2019-2020,Chelsea,3.0,2.0,5.0,11.804008908685969,187.0,76.74193548387096,10.0,27,MF,29000000
Kepa Arrizabalaga,2019-2020,Chelsea,0.0,0.0,0.0,0.0,9.0,90.0,0.0,24,GK,31000000
Kurt Zouma,2019-2020,Chelsea,0.0,0.0,0.0,32.758620689655174,219.0,83.71428571428571,6.0,24,DF,17500000
Marcos Alonso,2019-2020,Chelsea,3.0,2.0,5.0,26.455906821963392,98.0,79.44444444444444,4.0,28,DF,15000000
Mason Mount,2019-2020,Chelsea,7.0,5.0,12.0,37.14176049129991,96.0,77.48648648648648,3.0,20,"MF,FW",11500000
Mateo Kovacic,2019-2020,Chelsea,0.0,2.0,2.0,24.17582417582417,116.0,66.87096774193549,8.0,25,MF,29000000
Michy Batshuayi,2019-2020,Chelsea,1.0,1.0,2.0,13.30275229357798,6.0,14.9375,0.0,25,FW,16000000
N'Golo Kante,2019-2020,Chelsea,3.0,0.0,3.0,32.96398891966759,149.0,78.72727272727273,4.0,28,MF,66000000
Olivier Giroud,2019-2020,Chelsea,8.0,0.0,8.0,48.72521246458924,37.0,55.16666666666666,1.0,32,FW,17500000
Pedro,2019-2020,Chelsea,1.0,1.0,2.0,45.333333333333336,37.26,48.266666666666666,1.1,32,"FW,MF",19500000
Reece James,2019-2020,Chelsea,0.0,2.0,2.0,16.796440489432705,105.0,63.125,1.0,19,DF,7000000
Ross Barkley,2019-2020,Chelsea,0.0,4.0,4.0,30.049875311720697,37.0,52.523809523809526,0.0,25,MF,16000000
Ruben Loftus-Cheek,2019-2020,Chelsea,0.0,0.0,0.0,0.0,5.0,29.714285714285715,0.0,23,"MF,FW",17000000
Tammy Abraham,2019-2020,Chelsea,15.0,2.0,17.0,39.6616327920972,61.0,65.1470588235294,2.0,21,FW,12000000
Willian,2019-2020,Chelsea,8.0,6.0,14.0,37.49440715883669,87.0,72.22222222222223,4.0,30,"FW,MF",21000000
Willy Caballero,2019-2020,Chelsea,0.0,0.0,0.0,0.0,3.0,90.0,0.0,37,GK,675000
Andros Townsend,2019-2020,Crystal Palace,1.0,1.0,2.0,42.17573221757323,77.0,53.91666666666666,0.0,28,"FW,MF",11000000
Cheikhou Kouyate,2019-2020,Crystal Palace,1.0,1.0,2.0,16.457286432160807,203.0,72.22857142857143,4.0,29,"MF,DF",6500000
Christian Benteke,2019-2020,Crystal Palace,1.0,0.0,1.0,46.41638225255972,52.0,52.54166666666666,7.0,28,FW,7000000
Gary Cahill,2019-2020,Crystal Palace,0.0,0.0,0.0,24.12970910824988,181.0,86.68,1.0,33,DF,4200000
Jairo Riedewald,2019-2020,Crystal Palace,0.0,0.0,0.0,0.0,61.0,45.23529411764706,0.0,22,"DF,MF",3500000
James McArthur,2019-2020,Crystal Palace,0.0,3.0,3.0,20.725204408105228,273.0,83.51351351351352,6.0,31,MF,6500000
James McCarthy,2019-2020,Crystal Palace,0.0,0.0,0.0,24.979114452798665,141.0,50.90909090909091,9.0,28,MF,6000000
James Tomkins,2019-2020,Crystal Palace,1.0,1.0,2.0,21.603563474387528,170.0,87.88888888888889,5.0,30,DF,8500000
Jeffrey Schlupp,2019-2020,Crystal Palace,2.0,1.0,3.0,50.0,57.0,60.94117647058823,2.0,26,"FW,MF",6500000
Joel Ward,2019-2020,Crystal Palace,0.0,0.0,0.0,21.03174603174603,223.0,82.13793103448276,4.0,29,DF,3300000
Jordan Ayew,2019-2020,Crystal Palace,9.0,2.0,11.0,41.56626506024096,113.0,85.08108108108108,6.0,27,FW,7000000
Luka Milivojevic,2019-2020,Crystal Palace,3.0,1.0,4.0,24.05237767057202,172.0,81.06451612903226,12.0,28,MF,17500000
Mamadou Sakho,2019-2020,Crystal Palace,0.0,0.0,0.0,0.0,85.0,66.5,4.0,29,DF,12000000
Martin Kelly,2019-2020,Crystal Palace,0.0,1.0,1.0,0.0,143.0,81.52631578947368,0.0,29,DF,6500000
Max Meyer,2019-2020,Crystal Palace,0.0,0.0,0.0,21.76795580110497,36.0,38.52941176470589,1.0,23,"MF,FW",13500000
Patrick van Aanholt,2019-2020,Crystal Palace,3.0,1.0,4.0,19.344894026974952,171.0,86.44827586206897,0.0,28,DF,6500000
Scott Dann,2019-2020,Crystal Palace,0.0,0.0,0.0,24.502487562189057,98.0,79.125,0.0,32,DF,4300000
Vicente Guaita,2019-2020,Crystal Palace,0.0,0.0,0.0,0.0,19.0,90.0,1.0,32,GK,7500000
Wayne Hennessey,2019-2020,Crystal Palace,0.0,0.0,0.0,0.0,4.0,90.0,0.0,32,GK,4000000
Wilfried Zaha,2019-2020,Crystal Palace,4.0,2.0,6.0,28.14607665734496,87.0,86.3157894736842,5.0,26,"FW,MF",32000000
Alex Iwobi,2019-2020,Everton,1.0,0.0,1.0,43.06823120382442,67.0,63.84,0.0,23,"MF,FW",17000000
Andre Gomes,2019-2020,Everton,0.0,0.0,0.0,0.0,56.0,76.73684210526316,6.0,26,MF,17500000
Bernard,2019-2020,Everton,2.0,1.0,3.0,41.65968147527242,77.0,47.407407407407405,2.0,26,"MF,FW",16000000
Cenk Tosun,2019-2020,Everton,1.0,0.0,1.0,27.375565610859727,6.49,46.8,0.0,28,FW,9000000
Djibril Sidibe,2019-2020,Everton,0.0,4.0,4.0,25.375626043405678,183.0,72.96,3.0,27,"DF,MF",9000000
Dominic Calvert-Lewin,2019-2020,Everton,13.0,0.0,13.0,44.674591032128994,64.0,72.94444444444444,9.0,22,FW,12500000
Fabian Delph,2019-2020,Everton,0.0,0.0,0.0,0.0,72.0,74.375,8.0,29,MF,7500000
Gylfi Sigurðsson,2019-2020,Everton,1.0,3.0,4.0,26.587920659683533,134.0,73.14285714285714,3.0,29,MF,25500000
Jordan Pickford,2019-2020,Everton,0.0,0.0,0.0,0.0,15.0,90.0,2.0,25,GK,24000000
Leighton Baines,2019-2020,Everton,0.0,0.0,0.0,0.0,34.0,50.5,0.0,34,DF,2300000
Lucas Digne,2019-2020,Everton,0.0,7.0,7.0,13.940648723257418,262.0,86.57142857142857,6.0,26,DF,28500000
Mason Holgate,2019-2020,Everton,0.0,2.0,2.0,45.88665447897623,201.0,76.07407407407408,5.0,22,DF,8000000
Michael Keane,2019-2020,Everton,1.0,0.0,1.0,28.59195402298851,262.0,82.54838709677419,3.0,26,DF,16500000
Moise Kean,2019-2020,Everton,2.0,2.0,4.0,43.22709163346613,16.0,29.379310344827587,1.0,19,FW,14500000
Morgan Schneiderlin,2019-2020,Everton,0.0,0.0,0.0,0.0,85.0,66.73333333333333,9.0,29,MF,7500000
Richarlison,2019-2020,Everton,12.0,3.0,15.0,35.60319928904688,158.0,85.27777777777777,8.0,22,"FW,MF",17000000
Seamus Coleman,2019-2020,Everton,0.0,1.0,1.0,38.44221105527638,130.0,68.11111111111111,8.0,30,DF,10000000
Theo Walcott,2019-2020,Everton,2.0,3.0,5.0,32.25910409281341,35.0,51.48,1.0,30,"MF,FW",8500000
Tom Davies,2019-2020,Everton,0.0,0.0,0.0,29.32464454976304,113.0,67.56666666666666,8.0,21,MF,9000000
Yerry Mina,2019-2020,Everton,2.0,1.0,3.0,37.70718232044199,189.0,78.75862068965517,3.0,24,DF,12500000
Adam Lallana,2019-2020,Liverpool,1.0,1.0,2.0,20.36290322580645,34.0,25.466666666666665,1.0,31,"MF,FW",11000000
Adrian,2019-2020,Liverpool,0.0,0.0,0.0,0.0,9.0,79.54545454545455,1.0,32,GK,4700000
Alex Oxlade-Chamberlain,2019-2020,Liverpool,3.0,0.0,3.0,25.19408965689958,76.0,49.5,1.0,25,"MF,FW",18500000
Alisson,2019-2020,Liverpool,0.0,1.0,1.0,0.0,14.0,87.6896551724138,3.0,26,GK,58000000
Andrew Robertson,2019-2020,Liverpool,2.0,12.0,14.0,26.558265582655828,193.0,86.41666666666667,2.0,25,DF,43500000
Dejan Lovren,2019-2020,Liverpool,0.0,1.0,1.0,20.641282565130258,74.0,77.7,1.0,30,DF,12500000
Divock Origi,2019-2020,Liverpool,4.0,1.0,5.0,42.61363636363637,23.0,25.607142857142858,1.0,24,FW,14000000
Fabinho,2019-2020,Liverpool,2.0,3.0,5.0,32.72146847565842,146.05,74.79310344827586,6.26,25,MF,45000000
Georginio Wijnaldum,2019-2020,Liverpool,3.0,0.0,3.0,41.82933630786392,107.0,79.32432432432432,0.0,28,MF,31000000
James Milner,2019-2020,Liverpool,1.0,1.0,2.0,19.839679358717436,52.0,42.59090909090909,4.0,33,"MF,DF",10500000
Joe Gomez,2019-2020,Liverpool,0.0,0.0,0.0,0.0,140.0,71.57142857142857,7.0,22,DF,20000000
Joel Matip,2019-2020,Liverpool,1.0,0.0,1.0,25.376884422110557,71.0,78.11111111111111,0.0,27,DF,23000000
Jordan Henderson,2019-2020,Liverpool,3.0,4.0,7.0,40.01004016064257,136.0,74.6,2.0,29,MF,22000000
Mohamed Salah,2019-2020,Liverpool,18.0,9.0,27.0,43.31683168316832,29.0,84.58823529411765,1.0,27,FW,80500000
Naby Keita,2019-2020,Liverpool,2.0,3.0,5.0,57.93388429752066,62.0,45.27777777777778,1.0,24,MF,29000000
Roberto Firmino,2019-2020,Liverpool,8.0,7.0,15.0,38.255508388922586,89.0,78.63157894736842,0.0,27,FW,52000000
Sadio Mane,2019-2020,Liverpool,17.0,7.0,24.0,46.82539682539682,87.0,78.48571428571428,3.0,27,FW,62000000
Trent Alexander-Arnold,2019-2020,Liverpool,3.0,13.0,16.0,29.601087941976427,211.0,83.55263157894737,5.0,20,DF,32000000
Virgil van Dijk,2019-2020,Liverpool,4.0,1.0,5.0,45.1219512195122,249.0,90.0,1.0,28,DF,78000000
Xherdan Shaqiri,2019-2020,Liverpool,1.0,0.0,1.0,25.121951219512194,1.0,26.428571428571427,0.0,27,"FW,MF",23000000
Aymeric Laporte,2019-2020,Manchester City,0.0,0.0,0.0,48.38709677419354,65.0,73.13333333333334,1.0,25,DF,56500000
Benjamin Mendy,2019-2020,Manchester City,0.0,1.0,1.0,10.04016064257028,65.0,78.52631578947368,3.0,25,DF,17500000
Bernardo Silva,2019-2020,Manchester City,6.0,7.0,13.0,28.998276192300327,98.0,59.70588235294117,5.0,24,"FW,MF",64000000
Claudio Bravo,2019-2020,Manchester City,0.0,0.0,0.0,0.0,1.0,86.75,0.0,36,GK,1500000
David Silva,2019-2020,Manchester City,6.0,9.0,15.0,38.36518046709129,62.0,67.62962962962963,0.0,33,MF,36000000
Ederson,2019-2020,Manchester City,0.0,0.0,0.0,0.0,21.0,87.74285714285715,6.0,25,GK,54500000
Eric Garcia,2019-2020,Manchester City,0.0,0.0,0.0,48.01980198019802,59.0,61.0,1.0,18,DF,1200000
Fernandinho,2019-2020,Manchester City,0.0,1.0,1.0,12.514688601645124,185.0,79.9,15.0,34,DF,19500000
Gabriel Jesus,2019-2020,Manchester City,14.0,7.0,21.0,45.145825009988016,60.0,59.70588235294117,3.0,22,FW,31000000
Ilkay Gundogan,2019-2020,Manchester City,2.0,0.0,2.0,19.572953736654803,88.0,65.16129032258064,7.0,28,MF,31000000
Joao Cancelo,2019-2020,Manchester City,0.0,0.0,0.0,19.653564290473017,88.0,71.05882352941177,4.0,25,DF,36500000
John Stones,2019-2020,Manchester City,0.0,0.0,0.0,16.666666666666664,62.0,70.125,0.0,25,DF,30000000
Kevin De Bruyne,2019-2020,Manchester City,13.0,19.0,32.0,30.031948881789138,113.0,79.74285714285715,3.0,28,MF,90000000
Kyle Walker,2019-2020,Manchester City,1.0,3.0,4.0,20.780141843971634,113.0,82.48275862068965,5.0,29,DF,25500000
Nicolas Otamendi,2019-2020,Manchester City,1.0,0.0,1.0,46.85222001325381,140.0,71.45833333333333,3.0,31,DF,19000000
Oleksandr Zinchenko,2019-2020,Manchester City,0.0,0.0,0.0,18.56697819314641,78.0,67.15789473684211,5.0,22,DF,13000000
Phil Foden,2019-2020,Manchester City,5.0,2.0,7.0,41.17647058823529,27.0,39.17391304347826,0.0,19,"FW,MF",16500000
Raheem Sterling,2019-2020,Manchester City,20.0,0.0,20.0,37.080156604162376,62.0,80.33333333333333,5.0,24,FW,73000000
Riyad Mahrez,2019-2020,Manchester City,11.0,9.0,20.0,41.11765511573757,85.0,58.90909090909091,0.0,28,"FW,MF",31500000
Rodri,2019-2020,Manchester City,3.0,1.0,4.0,37.94252394835485,130.0,71.02857142857142,8.0,23,MF,47000000
Sergio Aguero,2019-2020,Manchester City,15.0,3.0,18.0,32.96688195685035,21.0,60.5,1.0,31,FW,60000000
Kyle Walker-Peters,2019-2020,Southampton,0.0,0.0,0.0,0.0,78.08,72.61538461538461,1.35,22,DF,7000000
Alexandre Lacazette,2020-2021,Arsenal,13.0,1.0,14.0,59.39278937381405,63.0,62.03225806451613,3.0,29,FW,36500000
Bernd Leno,2020-2021,Arsenal,0.0,0.0,0.0,0.0,13.0,89.45714285714286,3.0,28,GK,46000000
Bukayo Saka,2020-2021,Arsenal,5.0,3.0,8.0,33.01670488044547,95.0,79.78125,1.0,18,"FW,MF",13000000
Calum Chambers,2020-2021,Arsenal,0.0,2.0,2.0,0.0,60.0,75.3,0.0,25,DF,7500000
Cedric Soares,2020-2021,Arsenal,0.0,1.0,1.0,28.55093256814921,42.0,74.6,1.0,28,DF,7000000
Dani Ceballos,2020-2021,Arsenal,0.0,3.0,3.0,15.283165244375486,109.0,64.6,4.0,23,MF,31500000
David Luiz,2020-2021,Arsenal,0.0,0.0,0.0,13.430851063829788,94.0,69.8,4.0,33,DF,10000000
Emile Smith Rowe,2020-2021,Arsenal,1.0,4.0,5.0,30.8641975308642,51.0,72.0,0.0,20,"MF,FW",3600000
Gabriel Magalhaes,2020-2021,Arsenal,2.0,0.0,2.0,25.03128911138924,152.0,86.78260869565217,7.0,22,DF,26500000
Gabriel Martinelli,2020-2021,Arsenal,2.0,0.0,2.0,39.869281045751634,25.0,42.07142857142857,0.0,19,FW,9000000
Granit Xhaka,2020-2021,Arsenal,1.0,1.0,2.0,33.33333333333333,135.0,81.35483870967742,10.0,27,"MF,DF",21500000
Hector Bellerin,2020-2021,Arsenal,0.0,2.0,2.0,33.81962864721485,121.0,83.56,8.0,25,"DF,MF",29000000
Kieran Tierney,2020-2021,Arsenal,1.0,3.0,4.0,20.345744680851062,137.0,85.14814814814815,4.0,23,DF,30000000
Mohamed Elneny,2020-2021,Arsenal,1.0,0.0,1.0,23.042505592841163,69.0,67.1304347826087,3.0,28,MF,7500000
Nicolas Pepe,2020-2021,Arsenal,10.0,1.0,11.0,40.458015267175576,67.0,55.72413793103448,4.0,25,FW,40500000
Pablo Mari,2020-2021,Arsenal,0.0,0.0,0.0,0.0,62.0,90.0,2.0,26,DF,6500000
Pierre-Emerick Aubameyang,2020-2021,Arsenal,10.0,3.0,13.0,34.4381715534511,54.0,80.41379310344827,2.0,31,FW,67500000
Rob Holding,2020-2021,Arsenal,0.0,1.0,1.0,14.295977011494257,224.0,85.26666666666667,2.0,24,DF,10500000
Willian,2020-2021,Arsenal,0.0,4.0,4.0,14.822233350025035,42.0,56.24,0.0,31,FW,25000000
Ahmed Elmohamady,2020-2021,Aston Villa,0.0,0.0,0.0,11.30820399113082,66.0,59.92857142857143,2.0,32,DF,1300000
Anwar El Ghazi,2020-2021,Aston Villa,10.0,0.0,10.0,43.29553035356904,44.0,57.60714285714285,2.0,25,FW,7500000
Bertrand Traore,2020-2021,Aston Villa,6.0,5.0,11.0,35.739959368651355,78.0,64.36111111111111,1.0,24,FW,10000000
Conor Hourihane,2020-2021,Aston Villa,1.0,1.0,2.0,40.0,5.0,56.25,0.0,29,MF,5500000
Douglas Luiz,2020-2021,Aston Villa,0.0,1.0,1.0,30.932203389830505,188.0,84.27272727272727,13.0,22,MF,12000000
Emiliano Martinez,2020-2021,Aston Villa,0.0,0.0,0.0,0.0,15.0,90.0,1.0,27,GK,14000000
Ezri Konsa,2020-2021,Aston Villa,2.0,0.0,2.0,32.258064516129025,269.0,88.77777777777777,3.0,22,DF,4300000
Jack Grealish,2020-2021,Aston Villa,6.0,9.0,15.0,33.9792249300839,68.0,84.03846153846153,6.0,24,"FW,MF",29000000
Jacob Ramsey,2020-2021,Aston Villa,0.0,0.0,0.0,8.860759493670885,32.0,28.454545454545453,0.0,19,MF,350000
John McGinn,2020-2021,Aston Villa,2.0,5.0,7.0,24.59016393442623,165.0,90.0,12.0,25,MF,11000000
Keinan Davis,2020-2021,Aston Villa,0.0,0.0,0.0,22.320441988950275,5.0,18.466666666666665,0.0,22,"FW,MF",2700000
Kortney Hause,2020-2021,Aston Villa,0.0,0.0,0.0,19.71830985915493,69.0,90.0,2.0,25,DF,3400000
Marvelous Nakamba,2020-2021,Aston Villa,0.0,0.0,0.0,50.25125628140703,64.0,57.61538461538461,3.0,26,MF,6500000
Matt Targett,2020-2021,Aston Villa,0.0,1.0,1.0,31.239669421487605,280.0,89.57894736842105,7.0,24,DF,10500000
Matty Cash,2020-2021,Aston Villa,0.0,2.0,2.0,23.496659242761687,276.0,84.71428571428571,11.0,22,DF,11000000
Ollie Watkins,2020-2021,Aston Villa,14.0,5.0,19.0,45.13618677042802,81.0,89.94594594594595,7.0,24,FW,11500000
Ross Barkley,2020-2021,Aston Villa,3.0,1.0,4.0,29.1645310097386,26.77,60.5,0.0,26,MF,18000000
Trezeguet,2020-2021,Aston Villa,1.0,1.0,2.0,34.44444444444444,82.0,55.523809523809526,0.0,25,FW,7500000
Tyrone Mings,2020-2021,Aston Villa,2.0,2.0,4.0,37.03703703703703,304.0,88.72222222222223,9.0,27,DF,6500000
Aaron Connolly,2020-2021,Brighton,2.0,0.0,2.0,34.735472679965305,12.0,46.52941176470589,0.0,20,FW,3200000
Adam Lallana,2020-2021,Brighton,1.0,1.0,2.0,22.596810933940777,74.0,53.2,0.0,32,"MF,FW",8500000
Adam Webster,2020-2021,Brighton,0.0,0.0,0.0,27.573822825219477,197.0,89.44827586206897,4.0,25,DF,7000000
Alexis Mac Allister,2020-2021,Brighton,0.0,0.0,0.0,12.385702410640068,64.0,53.095238095238095,1.0,21,"MF,FW",12500000
Alireza Jahanbakhsh,2020-2021,Brighton,0.0,1.0,1.0,16.620651573716177,26.0,25.142857142857142,3.0,26,"FW,MF",4600000
Ben White,2020-2021,Brighton,0.0,0.0,0.0,10.663983903420524,213.0,88.63888888888889,8.0,22,"DF,MF",12000000
Bernardo,2020-2021,Brighton,0.0,0.0,0.0,0.0,14.0,68.66666666666667,0.0,25,"DF,MF",5000000
Dan Burn,2020-2021,Brighton,0.0,0.0,0.0,35.10324483775811,186.0,76.33333333333333,5.0,28,DF,5500000
Davy Propper,2020-2021,Brighton,0.0,0.0,0.0,50.24630541871922,10.0,30.428571428571427,0.0,28,MF,7500000
Joel Veltman,2020-2021,Brighton,1.0,1.0,2.0,29.094827586206897,188.0,81.46428571428571,3.0,28,DF,9000000
Leandro Trossard,2020-2021,Brighton,4.0,4.0,8.0,39.5,100.0,74.48571428571428,2.0,25,"MF,FW",18500000
Lewis Dunk,2020-2021,Brighton,4.0,0.0,4.0,43.8810641627543,197.0,88.81818181818181,11.0,28,DF,14000000
Mathew Ryan,2020-2021,Brighton,0.0,0.0,0.0,0.0,6.359999999999999,90.0,1.27,28,GK,18000000
Neal Maupay,2020-2021,Brighton,8.0,1.0,9.0,32.91517323775388,59.0,76.12121212121212,4.0,23,"FW,MF",15500000
Pascal Groß,2020-2021,Brighton,3.0,8.0,11.0,13.845050215208037,111.0,73.05882352941177,3.0,29,"MF,DF",10500000
Robert Sanchez,2020-2021,Brighton,0.0,0.0,0.0,0.0,14.0,90.0,2.0,22,GK,1100000
Solly March,2020-2021,Brighton,2.0,0.0,2.0,18.633257403189067,131.0,79.61904761904762,0.0,26,"DF,MF",6500000
Steven Alzate,2020-2021,Brighton,1.0,0.0,1.0,28.57142857142857,43.0,59.73333333333333,2.0,21,MF,2700000
Tariq Lamptey,2020-2021,Brighton,0.0,0.0,0.0,32.775919732441466,56.0,80.54545454545455,7.0,19,"DF,MF",2100000
Yves Bissouma,2020-2021,Brighton,1.0,0.0,1.0,7.367922293295427,277.0,86.41666666666667,11.0,23,MF,8500000
Ashley Barnes,2020-2021,Burnley,2.0,0.0,2.0,32.40540540540541,42.0,60.5,4.0,30,FW,10500000
Ashley Westwood,2020-2021,Burnley,3.0,3.0,6.0,33.947237431557994,126.0,89.73684210526316,7.0,30,MF,12000000
Bailey Peacock-Farrell,2020-2021,Burnley,0.0,0.0,0.0,0.0,0.0,90.0,0.0,23,GK,2700000
Ben Mee,2020-2021,Burnley,2.0,0.0,2.0,27.02214188883869,277.0,89.76666666666667,3.0,30,DF,14500000
Charlie Taylor,2020-2021,Burnley,0.0,1.0,1.0,63.636363636363626,200.0,83.65517241379311,1.0,26,DF,11500000
Chris Wood,2020-2021,Burnley,11.0,3.0,14.0,54.24875036753895,48.0,83.06060606060606,0.0,28,FW,14500000
Dale Stephens,2020-2021,Burnley,0.0,0.0,0.0,0.0,24.0,37.285714285714285,1.0,31,MF,4600000
Dwight McNeil,2020-2021,Burnley,2.0,5.0,7.0,34.22067901234567,155.0,85.25,1.0,20,MF,31000000
Erik Pieters,2020-2021,Burnley,0.0,0.0,0.0,74.9367088607595,106.0,63.3,1.0,31,"DF,MF",3100000
Jack Cork,2020-2021,Burnley,0.0,0.0,0.0,0.0,77.0,84.375,2.0,31,MF,7500000
James Tarkowski,2020-2021,Burnley,1.0,0.0,1.0,22.950819672131143,327.0,90.0,6.0,27,DF,21000000
Jay Rodriguez,2020-2021,Burnley,0.0,1.0,1.0,28.947368421052637,59.0,40.80645161290322,3.0,31,FW,7500000
Jimmy Dunne,2020-2021,Burnley,0.0,0.0,0.0,14.163090128755366,28.0,90.0,1.0,22,DF,1500000
Johann Berg Guðmundsson,2020-2021,Burnley,1.0,0.0,1.0,42.37288135593221,66.0,61.95454545454545,2.0,29,MF,10500000
Josh Benson,2020-2021,Burnley,0.0,0.0,0.0,0.0,13.0,44.0,0.0,20,MF,900000
Josh Brownhill,2020-2021,Burnley,0.0,0.0,0.0,20.19343493552169,186.0,85.24242424242425,2.0,24,MF,3700000
Kevin Long,2020-2021,Burnley,0.0,0.0,0.0,0.0,52.0,79.625,2.0,29,DF,1600000
Matej Vydra,2020-2021,Burnley,3.0,1.0,4.0,25.657894736842103,28.0,48.96428571428572,0.0,28,FW,3100000
Matthew Lowton,2020-2021,Burnley,1.0,1.0,2.0,19.35483870967742,237.0,90.0,5.0,31,DF,4100000
Nick Pope,2020-2021,Burnley,0.0,0.0,0.0,0.0,32.0,90.0,1.0,28,GK,24000000
Phil Bardsley,2020-2021,Burnley,0.0,0.0,0.0,0.0,27.0,68.5,2.0,35,DF,925000
Robbie Brady,2020-2021,Burnley,1.0,1.0,2.0,31.37866500311915,76.0,55.36842105263158,3.0,28,MF,5500000
Will Norris,2020-2021,Burnley,0.0,0.0,0.0,0.0,0.0,90.0,0.0,26,GK,675000
Andreas Christensen,2020-2021,Chelsea,0.0,0.0,0.0,0.0,101.0,80.6470588235294,5.0,24,DF,24000000
Antonio Rudiger,2020-2021,Chelsea,0.0,0.0,0.0,43.24324324324324,117.0,90.0,0.0,27,DF,27500000
Ben Chilwell,2020-2021,Chelsea,3.0,5.0,8.0,36.81277860326894,152.0,84.66666666666667,3.0,23,DF,34500000
Billy Gilmour,2020-2021,Chelsea,0.0,0.0,0.0,0.0,11.0,52.2,0.0,19,MF,4400000
Callum Hudson-Odoi,2020-2021,Chelsea,2.0,2.0,4.0,26.162538026944805,50.0,46.04347826086956,0.0,19,"FW,DF",10000000
Cesar Azpilicueta,2020-2021,Chelsea,0.0,1.0,1.0,35.55758683729434,173.0,84.15384615384616,8.0,30,DF,36500000
Christian Pulisic,2020-2021,Chelsea,4.0,1.0,5.0,37.22118959107807,65.0,64.37037037037037,2.0,21,"FW,MF",41500000
Hakim Ziyech,2020-2021,Chelsea,1.0,2.0,3.0,34.2007434944238,35.0,50.95652173913044,3.0,27,"MF,FW",62000000
Jorginho,2020-2021,Chelsea,6.0,0.0,6.0,0.0,151.0,71.78571428571429,2.0,28,MF,36500000
Kai Havertz,2020-2021,Chelsea,4.0,3.0,7.0,48.69538834951456,69.0,56.2962962962963,2.0,21,"MF,FW",121000000
Kepa Arrizabalaga,2020-2021,Chelsea,0.0,0.0,0.0,0.0,0.0,83.57142857142857,1.0,25,GK,33500000
Kurt Zouma,2020-2021,Chelsea,4.0,0.0,4.0,44.14814814814815,150.0,84.54166666666667,3.0,25,DF,25000000
Marcos Alonso,2020-2021,Chelsea,2.0,0.0,2.0,40.789473684210535,67.0,73.84615384615384,2.0,29,DF,22500000
Mason Mount,2020-2021,Chelsea,6.0,5.0,11.0,30.9556187415008,160.0,80.27777777777777,2.0,21,MF,43000000
Mateo Kovacic,2020-2021,Chelsea,0.0,1.0,1.0,17.542336083369516,90.0,67.22222222222223,4.0,26,MF,47000000
N'Golo Kante,2020-2021,Chelsea,0.0,1.0,1.0,30.9,214.0,71.53333333333333,7.0,29,MF,78000000
Olivier Giroud,2020-2021,Chelsea,3.0,0.0,3.0,34.38039351052814,23.0,44.0,1.0,33,FW,11000000
Reece James,2020-2021,Chelsea,1.0,2.0,3.0,32.56018790369935,160.0,74.15625,3.0,20,DF,22000000
Tammy Abraham,2020-2021,Chelsea,6.0,1.0,7.0,40.80298786181139,35.0,47.27272727272727,0.0,22,FW,29000000
Thiago Silva,2020-2021,Chelsea,1.0,0.0,1.0,31.627906976744185,160.0,84.1304347826087,8.0,35,DF,14500000
Timo Werner,2020-2021,Chelsea,6.0,8.0,14.0,39.18884664131813,59.0,74.34285714285714,2.0,24,"FW,MF",74500000
Andros Townsend,2020-2021,Crystal Palace,1.0,5.0,6.0,30.760657564781276,186.0,66.41176470588235,0.0,29,"MF,FW",10500000
Cheikhou Kouyate,2020-2021,Crystal Palace,1.0,0.0,1.0,29.971181556195965,257.0,86.69444444444444,4.0,30,DF,9000000
Christian Benteke,2020-2021,Crystal Palace,10.0,1.0,11.0,46.59634317862167,75.0,60.53333333333333,6.0,29,FW,2300000
Eberechi Eze,2020-2021,Crystal Palace,3.0,5.0,8.0,35.37378114842903,79.0,75.26470588235294,3.0,22,MF,12500000
Gary Cahill,2020-2021,Crystal Palace,1.0,1.0,2.0,27.27272727272727,141.0,90.0,3.0,34,DF,3400000
Jairo Riedewald,2020-2021,Crystal Palace,2.0,0.0,2.0,25.0,127.0,55.15151515151515,4.0,23,MF,2300000
James McArthur,2020-2021,Crystal Palace,0.0,1.0,1.0,0.0,139.0,81.44444444444444,3.0,32,MF,4400000
James McCarthy,2020-2021,Crystal Palace,0.0,0.0,0.0,0.0,51.0,51.3125,1.0,29,MF,6500000
James Tomkins,2020-2021,Crystal Palace,0.0,0.0,0.0,48.75621890547264,57.0,69.125,1.0,31,DF,5000000
Jeffrey Schlupp,2020-2021,Crystal Palace,2.0,3.0,5.0,55.75959933222037,91.0,52.888888888888886,3.0,27,MF,4500000
Joel Ward,2020-2021,Crystal Palace,0.0,1.0,1.0,49.75124378109454,198.0,86.76923076923077,5.0,30,DF,6500000
Jordan Ayew,2020-2021,Crystal Palace,0.0,3.0,3.0,41.95402298850574,94.0,63.51515151515152,4.0,28,"FW,MF",11000000
Luka Milivojevic,2020-2021,Crystal Palace,1.0,1.0,2.0,29.24251321197886,176.0,76.09677419354838,11.0,29,MF,15000000
Mamadou Sakho,2020-2021,Crystal Palace,0.0,0.0,0.0,0.0,20.0,69.0,0.0,30,DF,6000000
Michy Batshuayi,2020-2021,Crystal Palace,2.0,0.0,2.0,49.9582985821518,19.0,40.44444444444444,0.0,26,FW,18500000
Patrick van Aanholt,2020-2021,Crystal Palace,0.0,0.0,0.0,27.44004461795873,123.0,80.77272727272727,2.0,29,DF,9500000
Scott Dann,2020-2021,Crystal Palace,1.0,0.0,1.0,25.92592592592593,99.0,90.0,1.0,33,DF,1500000
Tyrick Mitchell,2020-2021,Crystal Palace,0.0,0.0,0.0,100.0,176.0,90.0,1.0,20,DF,1300000
Vicente Guaita,2020-2021,Crystal Palace,0.0,0.0,0.0,0.0,13.0,90.0,2.0,33,GK,7000000
Wilfried Zaha,2020-2021,Crystal Palace,11.0,2.0,13.0,31.0,60.0,87.06666666666666,6.0,27,FW,38500000
Abdoulaye Doucoure,2020-2021,Everton,1.0,2.0,3.0,27.277808831749574,146.0,84.24137931034483,6.0,27,MF,15000000
Alex Iwobi,2020-2021,Everton,1.0,2.0,3.0,20.46511627906977,77.0,51.4,0.0,24,"FW,MF",15000000
Allan,2020-2021,Everton,0.0,0.0,0.0,28.99575671852899,155.0,85.45833333333333,6.0,29,MF,35500000
Andre Gomes,2020-2021,Everton,0.0,1.0,1.0,21.26436781609195,76.0,56.07142857142857,3.0,27,MF,20500000
Bernard,2020-2021,Everton,1.0,0.0,1.0,33.60790774299835,27.0,37.91666666666666,2.0,27,"MF,FW",15000000
Dominic Calvert-Lewin,2020-2021,Everton,15.0,0.0,15.0,55.38943814805884,78.0,87.0,3.0,23,FW,27000000
Fabian Delph,2020-2021,Everton,0.0,0.0,0.0,0.0,19.0,33.25,1.0,30,"MF,DF",9000000
Gylfi Sigurðsson,2020-2021,Everton,6.0,5.0,11.0,28.88888888888889,116.0,62.583333333333336,2.0,30,"MF,FW",17000000
James Rodriguez,2020-2021,Everton,6.0,3.0,9.0,48.67710583153348,63.0,76.69565217391305,4.0,29,"FW,MF",30500000
Jordan Pickford,2020-2021,Everton,0.0,0.0,0.0,0.0,21.0,88.45161290322581,1.0,26,GK,26000000
Lucas Digne,2020-2021,Everton,0.0,6.0,6.0,0.0,223.0,89.36666666666666,5.0,27,"DF,MF",45500000
Mason Holgate,2020-2021,Everton,1.0,0.0,1.0,60.03937007874015,218.0,81.67857142857143,9.0,23,DF,13500000
Michael Keane,2020-2021,Everton,2.0,1.0,3.0,37.51568381430364,286.0,85.45714285714286,4.0,27,DF,14000000
Richarlison,2020-2021,Everton,7.0,2.0,9.0,38.881956575992014,128.0,84.1470588235294,7.0,23,FW,52000000
Seamus Coleman,2020-2021,Everton,0.0,3.0,3.0,32.86071726438699,111.0,64.52,0.0,31,"DF,MF",12500000
Tom Davies,2020-2021,Everton,0.0,0.0,0.0,0.0,101.0,56.92,3.0,22,MF,8500000
Yerry Mina,2020-2021,Everton,1.0,0.0,1.0,24.02826855123675,185.0,80.70833333333333,2.0,25,DF,15500000
Aleksandar Mitrovic,2020-2021,Fulham,2.0,2.0,4.0,33.32749562171629,30.0,51.92592592592592,3.0,25,FW,14000000
Alphonse Areola,2020-2021,Fulham,0.0,0.0,0.0,0.0,15.0,90.0,2.0,27,GK,32000000
Andre-Frank Zambo Anguissa,2020-2021,Fulham,0.0,2.0,2.0,23.737821080602306,186.0,71.86111111111111,6.0,24,MF,16500000
Antonee Robinson,2020-2021,Fulham,0.0,0.0,0.0,40.47619047619048,171.0,77.21428571428571,7.0,22,DF,6500000
Bobby De Cordova-Reid,2020-2021,Fulham,5.0,2.0,7.0,23.253082795067527,110.0,71.87878787878788,7.0,27,"MF,FW",2700000
Denis Odoi,2020-2021,Fulham,0.0,0.0,0.0,49.25373134328358,16.0,90.0,1.0,32,DF,1300000
Fabio Carvalho,2020-2021,Fulham,0.0,0.0,0.0,55.39325842696629,13.0,63.75,0.0,17,"MF,FW",525000
Harrison Reed,2020-2021,Fulham,0.0,2.0,2.0,30.76923076923077,178.0,72.48387096774194,5.0,25,MF,4300000
Ivan Cavaleiro,2020-2021,Fulham,3.0,0.0,3.0,33.547671840354774,81.0,68.66666666666667,2.0,26,FW,6500000
Joe Bryan,2020-2021,Fulham,0.0,0.0,0.0,25.03128911138924,53.0,41.8125,2.0,26,"DF,MF",4500000
Josh Onomah,2020-2021,Fulham,0.0,0.0,0.0,16.694214876033058,18.0,34.0,1.0,23,MF,2300000
Kenny Tete,2020-2021,Fulham,0.0,1.0,1.0,13.92757660167131,139.67000000000002,65.26086956521739,3.04,24,"DF,MF",14000000
Marek Rodak,2020-2021,Fulham,0.0,0.0,0.0,0.0,0.0,90.0,0.0,23,GK,7000000
Mario Lemina,2020-2021,Fulham,0.0,0.0,0.0,11.005291005291006,139.0,60.82142857142857,5.0,26,MF,12500000
Michael Hector,2020-2021,Fulham,0.0,0.0,0.0,0.0,13.0,65.75,2.0,28,DF,2500000
Ola Aina,2020-2021,Fulham,2.0,0.0,2.0,29.7627606038821,198.0,85.93548387096774,3.0,23,DF,6000000
Ruben Loftus-Cheek,2020-2021,Fulham,1.0,0.0,1.0,23.021582733812952,72.31,63.516129032258064,3.1,24,"MF,FW",22000000
Tim Ream,2020-2021,Fulham,0.0,0.0,0.0,0.0,52.0,90.0,0.0,32,DF,1000000
Tom Cairney,2020-2021,Fulham,1.0,1.0,2.0,33.10980720871753,18.0,75.9,2.0,29,MF,7500000
Adrian,2020-2021,Liverpool,0.0,0.0,0.0,0.0,3.0,90.0,0.0,33,GK,2400000
Alex Oxlade-Chamberlain,2020-2021,Liverpool,1.0,1.0,2.0,49.87468671679198,7.0,19.46153846153846,0.0,26,"MF,FW",20500000
Alisson,2020-2021,Liverpool,0.0,0.0,0.0,100.0,31.0,90.0,1.0,27,GK,102000000
Andrew Robertson,2020-2021,Liverpool,1.0,7.0,8.0,25.495307612095928,185.0,89.02631578947368,2.0,26,DF,90500000
Caoimhin Kelleher,2020-2021,Liverpool,0.0,0.0,0.0,0.0,2.0,90.0,0.0,21,GK,700000
Curtis Jones,2020-2021,Liverpool,1.0,1.0,2.0,47.60400210637177,59.0,49.125,2.0,19,MF,1600000
Diogo Jota,2020-2021,Liverpool,9.0,0.0,9.0,56.44916540212442,29.0,58.526315789473685,2.0,23,FW,33500000
Divock Origi,2020-2021,Liverpool,0.0,0.0,0.0,28.651685393258425,11.0,20.666666666666668,0.0,25,FW,15500000
Fabinho,2020-2021,Liverpool,0.0,0.0,0.0,11.422845691382763,196.0,85.56666666666666,6.0,26,"DF,MF",88500000
Georginio Wijnaldum,2020-2021,Liverpool,1.0,0.0,1.0,29.49130714745653,85.0,77.39473684210526,1.0,29,MF,52500000
James Milner,2020-2021,Liverpool,0.0,0.0,0.0,24.79201331114809,86.0,41.15384615384615,3.0,34,"MF,DF",9500000
Joe Gomez,2020-2021,Liverpool,0.0,0.0,0.0,0.0,39.0,84.28571428571429,0.0,23,DF,49500000
Joel Matip,2020-2021,Liverpool,1.0,2.0,3.0,40.0,49.0,69.1,2.0,28,DF,34500000
Jordan Henderson,2020-2021,Liverpool,0.0,0.0,0.0,28.377412437455323,100.0,81.14285714285714,0.0,30,"MF,DF",57000000
Mohamed Salah,2020-2021,Liverpool,21.0,5.0,26.0,38.46217927357547,39.0,83.1891891891892,0.0,28,FW,120500000
Naby Keita,2020-2021,Liverpool,0.0,0.0,0.0,22.43093922651933,36.0,52.0,1.0,25,MF,35500000
Nathaniel Phillips,2020-2021,Liverpool,0.0,0.0,0.0,12.873258128732582,140.0,85.6470588235294,2.0,23,DF,2200000
Neco Williams,2020-2021,Liverpool,0.0,0.0,0.0,0.0,21.0,41.5,1.0,19,DF,2500000
Roberto Firmino,2020-2021,Liverpool,9.0,6.0,15.0,38.411395461129885,98.0,78.83333333333333,2.0,28,FW,81500000
Sadio Mane,2020-2021,Liverpool,10.0,6.0,16.0,36.21552550314131,104.0,80.28571428571429,3.0,28,FW,120500000
Thiago Alcantara,2020-2021,Liverpool,1.0,0.0,1.0,22.41379310344828,131.0,77.25,4.0,29,MF,52500000
Trent Alexander-Arnold,2020-2021,Liverpool,2.0,7.0,9.0,22.082650646277084,179.0,84.19444444444444,2.0,21,DF,114000000
Virgil van Dijk,2020-2021,Liverpool,0.0,0.0,0.0,50.50251256281406,17.0,74.0,1.0,29,DF,113000000
Xherdan Shaqiri,2020-2021,Liverpool,0.0,1.0,1.0,0.0,13.0,39.71428571428572,2.0,28,"MF,FW",26000000
Aymeric Laporte,2020-2021,Manchester City,0.0,0.0,0.0,17.449664429530202,64.0,84.0,1.0,26,DF,92500000
Benjamin Mendy,2020-2021,Manchester City,2.0,0.0,2.0,33.27814569536424,44.0,73.3076923076923,2.0,26,DF,31500000
Bernardo Silva,2020-2021,Manchester City,2.0,5.0,7.0,46.70722977809592,68.0,79.42307692307692,5.0,25,"MF,FW",95000000
Ederson,2020-2021,Manchester City,0.0,1.0,1.0,0.0,14.0,90.0,3.0,26,GK,92000000
Eric Garcia,2020-2021,Manchester City,0.0,0.0,0.0,0.0,26.0,63.833333333333336,0.0,19,DF,5000000
Fernandinho,2020-2021,Manchester City,0.0,1.0,1.0,21.72980700500357,82.0,56.57142857142857,6.0,35,MF,11000000
Ferran Torres,2020-2021,Manchester City,6.0,2.0,8.0,38.70967741935484,39.0,54.41666666666666,1.0,20,"FW,MF",56500000
Gabriel Jesus,2020-2021,Manchester City,8.0,3.0,11.0,29.166666666666668,53.0,71.13793103448276,2.0,23,FW,52500000
Ilkay Gundogan,2020-2021,Manchester City,13.0,2.0,15.0,40.24624855713736,67.0,72.46428571428571,1.0,29,MF,35500000
Joao Cancelo,2020-2021,Manchester City,2.0,3.0,5.0,31.36805953062393,165.0,82.10714285714286,8.0,26,"DF,MF",43500000
John Stones,2020-2021,Manchester City,4.0,0.0,4.0,32.82392026578073,118.0,87.86363636363636,3.0,26,DF,24500000
Kevin De Bruyne,2020-2021,Manchester City,5.0,11.0,16.0,31.130728287680125,79.0,79.88,1.0,29,MF,129000000
Kyle Walker,2020-2021,Manchester City,1.0,1.0,2.0,30.38229376257545,90.0,81.08333333333333,1.0,30,DF,46500000
Nathan Ake,2020-2021,Manchester City,0.0,0.0,0.0,32.34323432343235,44.0,79.7,4.0,25,DF,22000000
Oleksandr Zinchenko,2020-2021,Manchester City,0.0,0.0,0.0,24.764299182903837,93.0,73.9,0.0,23,DF,29500000
Phil Foden,2020-2021,Manchester City,9.0,5.0,14.0,44.22310756972112,53.0,57.71428571428572,0.0,20,"FW,MF",38500000
Raheem Sterling,2020-2021,Manchester City,9.0,7.0,16.0,40.41105804023737,55.0,81.80645161290323,4.0,25,FW,114500000
Riyad Mahrez,2020-2021,Manchester City,9.0,6.0,15.0,38.05020632737276,51.0,72.18518518518519,0.0,29,FW,53000000
Rodri,2020-2021,Manchester City,2.0,2.0,4.0,22.562449637389207,221.38,67.04081632653062,7.18,24,MF,66500000
Sergio Aguero,2020-2021,Manchester City,3.0,0.0,3.0,58.74043555032373,8.0,46.583333333333336,0.0,32,FW,83500000
Takumi Minamino,2020-2021,Southampton,2.0,0.0,2.0,30.8982683982684,46.78,52.8421052631579,1.42,25,MF,14000000
Theo Walcott,2020-2021,Southampton,3.0,3.0,6.0,37.88606726149622,58.33,74.13636363636364,0.0,31,"MF,FW",6000000
Aaron Ramsdale,2021-2022,Arsenal,0.0,0.0,0.0,0.0,28.0,90.0,1.0,23,GK,5000000
Albert Sambi Lokonga,2021-2022,Arsenal,0.0,0.0,0.0,39.64053919121318,59.0,59.68421052631579,5.0,21,MF,7000000
Alexandre Lacazette,2021-2022,Arsenal,3.0,6.0,9.0,28.112636723295324,50.0,59.4,0.0,30,FW,30000000
Ben White,2021-2022,Arsenal,0.0,0.0,0.0,24.324324324324323,230.0,90.0,3.0,23,DF,15500000
Bernd Leno,2021-2022,Arsenal,0.0,0.0,0.0,0.0,2.0,90.0,0.0,29,GK,28000000
Bukayo Saka,2021-2022,Arsenal,10.0,6.0,16.0,30.66315789473684,113.0,78.36842105263158,6.0,19,"FW,MF",45500000
Cedric Soares,2021-2022,Arsenal,0.0,0.0,0.0,8.222591362126247,103.0,70.76190476190476,3.0,29,DF,6500000
Emile Smith Rowe,2021-2022,Arsenal,10.0,1.0,11.0,57.7454180266131,57.0,58.21212121212121,1.0,21,"MF,FW",16500000
Gabriel Magalhaes,2021-2022,Arsenal,5.0,0.0,5.0,41.1764705882353,209.0,87.51428571428572,11.0,23,DF,24000000
Gabriel Martinelli,2021-2022,Arsenal,6.0,6.0,12.0,29.55212204185409,88.0,64.13793103448276,6.0,20,"FW,MF",18000000
Granit Xhaka,2021-2022,Arsenal,1.0,2.0,3.0,18.262806236080177,105.0,86.18518518518519,13.0,28,"MF,DF",15500000
Kieran Tierney,2021-2022,Arsenal,1.0,2.0,3.0,32.863849765258216,110.0,87.04545454545455,0.0,24,DF,31000000
Martin Ødegaard,2021-2022,Arsenal,7.0,4.0,11.0,39.761544284632855,89.0,77.36111111111111,4.0,22,"MF,FW",49000000
Mohamed Elneny,2021-2022,Arsenal,0.0,1.0,1.0,24.719101123595504,50.0,57.57142857142857,1.0,29,MF,9500000
Nicolas Pepe,2021-2022,Arsenal,1.0,2.0,3.0,30.65150852645387,27.0,34.8,0.0,26,"FW,MF",30500000
Nuno Tavares,2021-2022,Arsenal,1.0,1.0,2.0,8.49956634865568,78.0,53.45454545454545,2.0,21,DF,3400000
Rob Holding,2021-2022,Arsenal,1.0,0.0,1.0,25.495049504950494,88.0,56.333333333333336,7.0,25,DF,13000000
Takehiro Tomiyasu,2021-2022,Arsenal,0.0,0.0,0.0,18.66546438232642,145.78,76.77272727272727,2.01,22,DF,12000000
Thomas Partey,2021-2022,Arsenal,2.0,0.0,2.0,20.510483135824977,123.0,84.5,6.0,28,MF,36500000
Anwar El Ghazi,2021-2022,Aston Villa,1.0,1.0,2.0,28.870292887029287,13.3,36.27272727272727,2.05,26,"FW,MF",9000000
Ashley Young,2021-2022,Aston Villa,0.0,1.0,1.0,30.569430569430573,66.0,52.083333333333336,2.0,36,"DF,FW",4300000
Axel Tuanzebe,2021-2022,Aston Villa,0.0,0.0,0.0,51.75879396984925,27.48,51.9,1.02,23,DF,8000000
Bertrand Traore,2021-2022,Aston Villa,0.0,0.0,0.0,12.48407643312102,4.0,24.444444444444443,0.0,25,"MF,FW",12500000
Calum Chambers,2021-2022,Aston Villa,1.0,0.0,1.0,34.36619718309859,92.89,77.0,1.21,26,DF,6500000
Carney Chukwuemeka,2021-2022,Aston Villa,0.0,0.0,0.0,25.0,13.0,25.08333333333333,0.0,17,"MF,FW",1500000
Danny Ings,2021-2022,Aston Villa,6.0,5.0,11.0,35.52276034088548,82.0,63.266666666666666,4.0,29,FW,26500000
Douglas Luiz,2021-2022,Aston Villa,2.0,3.0,5.0,35.511982570806104,151.0,79.8529411764706,7.0,23,MF,14500000
Emi Buendia,2021-2022,Aston Villa,4.0,5.0,9.0,29.65986394557823,79.0,54.25714285714286,1.0,24,"MF,FW",26500000
Emiliano Martinez,2021-2022,Aston Villa,0.0,0.0,0.0,0.0,7.0,90.0,4.0,28,GK,33500000
Ezri Konsa,2021-2022,Aston Villa,1.0,0.0,1.0,39.98678122934567,157.0,85.41379310344827,12.0,23,DF,20000000
Jacob Ramsey,2021-2022,Aston Villa,6.0,1.0,7.0,32.254267216009424,155.0,72.55882352941177,6.0,20,MF,2900000
John McGinn,2021-2022,Aston Villa,3.0,4.0,7.0,37.59328358208956,228.0,88.28571428571429,8.0,26,MF,16500000
Kortney Hause,2021-2022,Aston Villa,1.0,0.0,1.0,100.0,30.0,56.71428571428572,0.0,26,DF,6000000
Leon Bailey,2021-2022,Aston Villa,1.0,2.0,3.0,38.28273244781784,30.0,42.27777777777778,3.0,23,"FW,MF",41500000
Lucas Digne,2021-2022,Aston Villa,0.0,7.0,7.0,21.856978085351788,174.91,84.10344827586206,3.84,28,DF,40500000
Marvelous Nakamba,2021-2022,Aston Villa,0.0,0.0,0.0,0.0,75.0,56.5,5.0,27,MF,6000000
Matty Cash,2021-2022,Aston Villa,4.0,3.0,7.0,35.3448275862069,292.0,88.86842105263158,8.0,23,DF,20000000
Morgan Sanson,2021-2022,Aston Villa,0.0,0.0,0.0,0.0,37.0,35.6,0.0,26,MF,9000000
Ollie Watkins,2021-2022,Aston Villa,11.0,1.0,12.0,40.946123521682,81.0,84.34285714285714,7.0,25,FW,21000000
Tyrone Mings,2021-2022,Aston Villa,1.0,2.0,3.0,23.743417903303012,269.0,88.58333333333333,11.0,28,DF,14000000
Alvaro Fernandez,2021-2022,Brentford,0.0,0.0,0.0,0.0,5.0,90.0,0.0,23,GK,6000000
Bryan Mbeumo,2021-2022,Brentford,3.0,7.0,10.0,25.111989459815543,80.0,83.0,4.0,21,FW,9500000
Charlie Goode,2021-2022,Brentford,0.0,0.0,0.0,0.0,21.0,75.0,3.0,25,DF,1300000
Christian Nørgaard,2021-2022,Brentford,3.0,4.0,7.0,30.01474926253687,279.0,87.25714285714285,8.0,27,MF,3300000
David Raya,2021-2022,Brentford,0.0,0.0,0.0,0.0,11.0,90.0,1.0,25,GK,4600000
Ethan Pinnock,2021-2022,Brentford,0.0,0.0,0.0,50.91482649842271,279.0,84.1875,1.0,28,DF,4000000
Frank Onyeka,2021-2022,Brentford,0.0,0.0,0.0,31.168019987507805,68.0,52.25,4.0,23,MF,8000000
Ivan Toney,2021-2022,Brentford,11.0,4.0,15.0,28.79171184194675,107.0,88.15151515151516,8.0,25,FW,10500000
Josh Dasilva,2021-2022,Brentford,0.0,0.0,0.0,0.0,13.0,28.55555555555556,3.0,22,"MF,FW",7000000
Kristoffer Ajer,2021-2022,Brentford,1.0,3.0,4.0,15.63380281690141,148.0,83.125,5.0,23,DF,11500000
Mads Bech Sørensen,2021-2022,Brentford,0.0,0.0,0.0,0.0,48.0,75.9090909090909,3.0,22,DF,2500000
Mads Roerslev,2021-2022,Brentford,0.0,0.0,0.0,41.649899396378274,82.0,59.04761904761905,1.0,22,DF,2200000
Marcus Forss,2021-2022,Brentford,0.0,0.0,0.0,0.0,9.0,29.857142857142858,0.0,22,"FW,MF",2700000
Mathias Jensen,2021-2022,Brentford,0.0,1.0,1.0,26.14173228346457,100.0,51.64516129032258,0.0,25,MF,5500000
Mathias Jørgensen,2021-2022,Brentford,0.0,0.0,0.0,48.76847290640394,39.0,64.75,2.0,31,DF,1600000
Pontus Jansson,2021-2022,Brentford,2.0,1.0,3.0,44.986449864498645,316.0,89.75675675675676,7.0,30,DF,4600000
Rico Henry,2021-2022,Brentford,3.0,0.0,3.0,35.56998556998557,161.0,81.6470588235294,2.0,24,DF,6000000
Saman Ghoddos,2021-2022,Brentford,1.0,1.0,2.0,37.3134328358209,38.0,31.529411764705884,2.0,27,"MF,DF",1700000
Sergi Canos,2021-2022,Brentford,3.0,2.0,5.0,36.36088404480775,148.0,67.19354838709677,11.0,24,"DF,FW",3400000
Shandon Baptiste,2021-2022,Brentford,1.0,0.0,1.0,33.610648918469224,47.0,41.36363636363637,5.0,23,MF,1900000
Vitaly Janelt,2021-2022,Brentford,4.0,0.0,4.0,40.16091183372444,147.0,74.12903225806451,3.0,23,MF,5500000
Yoane Wissa,2021-2022,Brentford,7.0,1.0,8.0,40.61817046518888,38.0,42.8,0.0,24,FW,7500000
Adam Lallana,2021-2022,Brighton,0.0,1.0,1.0,20.914345769837094,79.0,65.04166666666667,4.0,33,MF,3500000
Adam Webster,2021-2022,Brighton,2.0,0.0,2.0,26.0377358490566,134.0,65.18181818181819,5.0,26,DF,7500000
Alexis Mac Allister,2021-2022,Brighton,4.0,1.0,5.0,15.706531255471898,137.0,64.33333333333333,4.0,22,"MF,FW",11500000
Danny Welbeck,2021-2022,Brighton,6.0,1.0,7.0,48.848033511752384,55.0,59.12,0.0,30,"FW,MF",3000000
Enock Mwepu,2021-2022,Brighton,2.0,4.0,6.0,41.85437401781037,73.0,55.333333333333336,2.0,23,MF,9000000
Jakub Moder,2021-2022,Brighton,0.0,3.0,3.0,21.63031819806936,99.0,60.75,1.0,22,MF,3700000
Joel Veltman,2021-2022,Brighton,0.0,0.0,0.0,15.75907590759076,254.0,84.52941176470588,6.0,29,DF,9000000
Leandro Trossard,2021-2022,Brighton,8.0,3.0,11.0,35.47459252157238,92.0,82.5,2.0,26,"FW,MF",12500000
Lewis Dunk,2021-2022,Brighton,0.0,0.0,0.0,36.33474576271187,182.0,88.72413793103448,6.0,29,DF,13000000
Marc Cucurella,2021-2022,Brighton,1.0,1.0,2.0,17.287381878821567,241.09,86.44444444444444,6.05,23,DF,41500000
Neal Maupay,2021-2022,Brighton,8.0,2.0,10.0,23.61323155216285,42.0,71.125,7.0,24,FW,16000000
Pascal Groß,2021-2022,Brighton,2.0,4.0,6.0,30.412147505422997,103.0,70.27586206896552,1.0,30,"MF,DF",7000000
Robert Sanchez,2021-2022,Brighton,0.0,0.0,0.0,0.0,14.0,89.97297297297297,6.0,23,GK,9500000
Shane Duffy,2021-2022,Brighton,0.0,0.0,0.0,22.46376811594203,131.0,79.77777777777777,7.0,29,DF,2000000
Solly March,2021-2022,Brighton,0.0,1.0,1.0,50.5005005005005,94.0,56.32258064516129,1.0,27,"DF,FW",6000000
Steven Alzate,2021-2022,Brighton,0.0,0.0,0.0,100.0,32.0,44.888888888888886,0.0,22,MF,3600000
Tariq Lamptey,2021-2022,Brighton,0.0,2.0,2.0,20.914345769837094,93.0,52.03333333333333,4.0,20,"DF,FW",9000000
Yves Bissouma,2021-2022,Brighton,0.0,2.0,2.0,23.3096926713948,208.0,81.1923076923077,10.0,24,MF,24500000
Aaron Lennon,2021-2022,Burnley,2.0,0.0,2.0,32.89036544850499,82.0,55.392857142857146,2.0,34,"MF,FW",1400000
Ashley Barnes,2021-2022,Burnley,0.0,0.0,0.0,33.53293413173653,26.0,35.130434782608695,4.0,31,FW,4800000
Ashley Westwood,2021-2022,Burnley,0.0,3.0,3.0,7.301360057265568,88.0,84.70370370370371,7.0,31,MF,10000000
Ben Mee,2021-2022,Burnley,3.0,0.0,3.0,21.50764364786505,172.0,87.57142857142857,3.0,31,DF,12000000
Charlie Taylor,2021-2022,Burnley,0.0,3.0,3.0,0.0,240.0,88.09677419354838,3.0,27,DF,8000000
Chris Wood,2021-2022,Burnley,5.0,0.0,5.0,36.36824324324324,45.24,79.23529411764706,1.97,29,FW,17500000
Connor Roberts,2021-2022,Burnley,0.0,0.0,0.0,65.61461794019934,129.0,80.57142857142857,2.0,25,DF,7000000
Dwight McNeil,2021-2022,Burnley,0.0,1.0,1.0,28.483685220729367,208.0,81.76315789473684,1.0,21,MF,17000000
Erik Pieters,2021-2022,Burnley,0.0,0.0,0.0,0.0,94.0,60.833333333333336,1.0,32,DF,2900000
Jack Cork,2021-2022,Burnley,0.0,0.0,0.0,13.154172560113151,83.0,83.5,4.0,32,MF,5000000
James Tarkowski,2021-2022,Burnley,1.0,2.0,3.0,26.53985507246377,374.0,88.74285714285715,11.0,28,DF,24500000
Jay Rodriguez,2021-2022,Burnley,2.0,2.0,4.0,26.96984435797666,55.0,47.6551724137931,3.0,32,FW,3600000
Johann Berg Guðmundsson,2021-2022,Burnley,0.0,0.0,0.0,26.441036488630356,61.0,61.22222222222222,2.0,30,MF,5500000
Josh Brownhill,2021-2022,Burnley,1.0,2.0,3.0,30.6999306999307,220.0,84.42857142857143,10.0,25,MF,10000000
Kevin Long,2021-2022,Burnley,0.0,0.0,0.0,0.0,28.0,68.33333333333333,1.0,30,DF,1500000
Matej Vydra,2021-2022,Burnley,2.0,3.0,5.0,36.93121693121694,26.0,30.863636363636363,1.0,29,FW,4200000
Matthew Lowton,2021-2022,Burnley,0.0,1.0,1.0,19.60199004975124,157.0,70.88,6.0,32,DF,5000000
Maxwel Cornet,2021-2022,Burnley,9.0,1.0,10.0,47.87368421052632,54.89,67.74074074074075,2.07,24,"FW,MF",7000000
Nathan Collins,2021-2022,Burnley,2.0,0.0,2.0,33.31121433311214,182.0,87.89473684210526,5.0,20,DF,3800000
Nick Pope,2021-2022,Burnley,0.0,0.0,0.0,0.0,32.0,90.0,1.0,29,GK,25000000
Wayne Hennessey,2021-2022,Burnley,0.0,0.0,0.0,0.0,1.0,90.0,0.0,34,GK,725000
Andreas Christensen,2021-2022,Chelsea,0.0,0.0,0.0,0.0,114.0,78.73684210526316,2.0,25,DF,28000000
Antonio Rudiger,2021-2022,Chelsea,3.0,0.0,3.0,27.460815047021946,187.0,89.26470588235294,9.0,28,DF,34500000
Ben Chilwell,2021-2022,Chelsea,3.0,1.0,4.0,46.29629629629629,33.0,77.42857142857143,0.0,24,DF,40500000
Callum Hudson-Odoi,2021-2022,Chelsea,0.0,2.0,2.0,38.70967741935484,30.0,64.13333333333334,1.0,20,"MF,FW",23000000
Cesar Azpilicueta,2021-2022,Chelsea,0.0,2.0,2.0,35.41666666666667,171.0,76.66666666666667,3.0,31,DF,25000000
Christian Pulisic,2021-2022,Chelsea,6.0,2.0,8.0,39.49067431850789,37.0,58.63636363636363,2.0,22,"MF,FW",49000000
Edouard Mendy,2021-2022,Chelsea,0.0,0.0,0.0,0.0,14.0,90.0,3.0,29,GK,30000000
Hakim Ziyech,2021-2022,Chelsea,3.0,2.0,5.0,36.62322729014948,50.0,57.34782608695652,3.0,28,"MF,FW",42500000
Jorginho,2021-2022,Chelsea,6.0,2.0,8.0,22.17343578485181,148.0,78.37931034482759,5.0,29,MF,52500000
Kai Havertz,2021-2022,Chelsea,8.0,3.0,11.0,40.85235378031384,81.0,62.37931034482759,3.0,22,"FW,MF",94500000
Kepa Arrizabalaga,2021-2022,Chelsea,0.0,0.0,0.0,0.0,4.0,90.0,0.0,26,GK,19000000
Malang Sarr,2021-2022,Chelsea,0.0,0.0,0.0,0.0,51.0,68.25,2.0,22,DF,5500000
Marcos Alonso,2021-2022,Chelsea,4.0,4.0,8.0,23.45850718590635,166.0,77.39285714285714,8.0,30,DF,15000000
Mason Mount,2021-2022,Chelsea,11.0,9.0,20.0,36.01435788354161,84.0,73.84375,4.0,22,MF,58500000
Mateo Kovacic,2021-2022,Chelsea,2.0,5.0,7.0,27.58306781975421,86.0,62.32,4.0,27,MF,41500000
N'Golo Kante,2021-2022,Chelsea,1.0,3.0,4.0,53.48288075560803,135.0,68.1923076923077,2.0,30,MF,100000000
Reece James,2021-2022,Chelsea,4.0,8.0,12.0,26.828609986504727,92.0,71.6923076923077,7.0,21,DF,37000000
Romelu Lukaku,2021-2022,Chelsea,7.0,0.0,7.0,33.18300498457156,33.0,61.11538461538461,1.0,28,FW,93500000
Ruben Loftus-Cheek,2021-2022,Chelsea,0.0,2.0,2.0,31.67278447823807,72.0,58.083333333333336,1.0,25,"MF,DF",7500000
Saul Niguez,2021-2022,Chelsea,0.0,0.0,0.0,20.141843971631204,72.17,52.38461538461539,1.42,26,"DF,MF",39500000
Thiago Silva,2021-2022,Chelsea,2.0,0.0,2.0,27.88622420524261,230.0,82.8125,2.0,36,DF,9500000
Timo Werner,2021-2022,Chelsea,4.0,1.0,5.0,35.45032086744855,23.0,61.095238095238095,1.0,25,"FW,MF",56500000
Trevoh Chalobah,2021-2022,Chelsea,3.0,0.0,3.0,76.71840354767184,118.0,72.45,2.0,22,DF,5500000
Cheikhou Kouyate,2021-2022,Crystal Palace,0.0,1.0,1.0,0.0,169.0,73.11111111111111,3.0,31,MF,9500000
Christian Benteke,2021-2022,Crystal Palace,3.0,1.0,4.0,33.213644524236976,45.0,45.8,3.0,30,FW,5500000
Conor Gallagher,2021-2022,Crystal Palace,7.0,2.0,9.0,42.68622153608646,182.0,83.67647058823529,10.0,21,MF,9500000
Eberechi Eze,2021-2022,Crystal Palace,1.0,1.0,2.0,10.02004008016032,20.0,46.53846153846154,1.0,23,"MF,FW",16500000
Jack Butland,2021-2022,Crystal Palace,0.0,0.0,0.0,0.0,1.0,85.0,0.0,28,GK,2400000
James McArthur,2021-2022,Crystal Palace,0.0,3.0,3.0,33.92857142857142,113.0,68.52380952380952,4.0,33,MF,3500000
James Tomkins,2021-2022,Crystal Palace,0.0,0.0,0.0,49.8759305210918,38.0,68.375,2.0,32,DF,3600000
Jean-Philippe Mateta,2021-2022,Crystal Palace,4.0,1.0,5.0,48.4577922077922,36.0,52.04545454545455,2.0,24,FW,8500000
Jeffrey Schlupp,2021-2022,Crystal Palace,3.0,1.0,4.0,27.487864077669904,135.0,57.84375,1.0,28,"MF,FW",5500000
Joachim Andersen,2021-2022,Crystal Palace,0.0,2.0,2.0,36.04938271604938,221.0,85.76470588235294,4.0,25,DF,12500000
Joel Ward,2021-2022,Crystal Palace,0.0,0.0,0.0,11.066398390342052,207.0,88.82142857142857,8.0,31,DF,3100000
Jordan Ayew,2021-2022,Crystal Palace,2.0,2.0,4.0,23.068116771608477,110.0,65.12903225806451,2.0,29,FW,5500000
Luka Milivojevic,2021-2022,Crystal Palace,0.0,0.0,0.0,0.0,50.0,51.6,1.0,30,MF,6500000
Marc Guehi,2021-2022,Crystal Palace,2.0,1.0,3.0,26.410121244069583,226.0,89.5,4.0,21,DF,6000000
Michael Olise,2021-2022,Crystal Palace,2.0,4.0,6.0,52.6509186351706,51.0,43.88461538461539,4.0,19,"FW,MF",7000000
Nathaniel Clyne,2021-2022,Crystal Palace,0.0,1.0,1.0,65.0,75.0,84.4375,1.0,30,DF,4800000
Odsonne Edouard,2021-2022,Crystal Palace,6.0,2.0,8.0,43.74037968188815,54.0,55.85714285714285,4.0,23,FW,12500000
Tyrick Mitchell,2021-2022,Crystal Palace,0.0,2.0,2.0,0.0,293.0,86.13888888888889,1.0,21,DF,4000000
Vicente Guaita,2021-2022,Crystal Palace,0.0,0.0,0.0,0.0,10.0,88.5,2.0,34,GK,3600000
Wilfried Zaha,2021-2022,Crystal Palace,14.0,0.0,14.0,42.08998548621191,78.0,83.63636363636364,9.0,28,FW,31000000
Will Hughes,2021-2022,Crystal Palace,0.0,1.0,1.0,0.0,60.0,65.8125,6.0,26,MF,9000000
Abdoulaye Doucoure,2021-2022,Everton,1.0,3.0,4.0,32.23915592028136,168.0,84.56666666666666,6.0,28,MF,17500000
Alex Iwobi,2021-2022,Everton,2.0,2.0,4.0,25.459098497495823,124.0,72.67857142857143,1.0,25,"MF,DF",13000000
Allan,2021-2022,Everton,0.0,1.0,1.0,41.41843971631206,176.0,77.96428571428571,10.0,30,MF,30500000
Andre Gomes,2021-2022,Everton,0.0,1.0,1.0,28.40909090909091,32.0,44.21428571428572,3.0,28,MF,11000000
Andros Townsend,2021-2022,Everton,3.0,1.0,4.0,45.14683922349428,79.0,69.28571428571429,3.0,30,"MF,FW",10500000
Anthony Gordon,2021-2022,Everton,4.0,2.0,6.0,41.03322712790169,142.0,65.28571428571429,4.0,20,"MF,FW",2500000
Asmir Begovic,2021-2022,Everton,0.0,0.0,0.0,0.0,3.0,90.0,0.0,34,GK,1300000
Ben Godfrey,2021-2022,Everton,0.0,0.0,0.0,33.77777777777778,203.0,88.21739130434783,6.0,23,DF,22000000
Demarai Gray,2021-2022,Everton,4.0,3.0,7.0,26.0,96.0,68.76470588235294,3.0,25,"MF,FW",7500000
Dominic Calvert-Lewin,2021-2022,Everton,5.0,2.0,7.0,36.66333666333666,31.0,75.47058823529412,2.0,24,FW,37500000
Donny van de Beek,2021-2022,Everton,1.0,0.0,1.0,20.45060658578856,35.59,37.2,1.15,24,MF,38500000
Fabian Delph,2021-2022,Everton,0.0,0.0,0.0,0.0,54.0,60.18181818181818,2.0,31,MF,3900000
Jarrad Branthwaite,2021-2022,Everton,0.0,0.0,0.0,65.78073089700997,28.0,64.66666666666667,3.0,19,DF,2100000
Jonjoe Kenny,2021-2022,Everton,0.0,1.0,1.0,0.0,76.0,67.86666666666666,6.0,24,DF,4800000
Jordan Pickford,2021-2022,Everton,0.0,0.0,0.0,0.0,17.0,90.0,2.0,27,GK,33000000
Mason Holgate,2021-2022,Everton,1.0,0.0,1.0,26.72292545710267,181.0,85.36,10.0,24,DF,13500000
Michael Keane,2021-2022,Everton,3.0,1.0,4.0,29.6875,269.0,87.25,7.0,28,DF,20000000
Richarlison,2021-2022,Everton,10.0,5.0,15.0,28.86178861788618,128.0,84.1,9.0,24,FW,46500000
Salomon Rondon,2021-2022,Everton,0.0,0.0,0.0,28.43556823585354,21.0,39.5,6.0,31,FW,9000000
Seamus Coleman,2021-2022,Everton,0.0,0.0,0.0,11.041405269761606,203.0,88.53333333333333,4.0,32,DF,9500000
Tom Davies,2021-2022,Everton,0.0,0.0,0.0,33.27787021630616,16.0,39.0,1.0,23,MF,8000000
Vitaliy Mykolenko,2021-2022,Everton,1.0,0.0,1.0,25.0,93.0,81.15384615384616,0.0,22,DF,14500000
Yerry Mina,2021-2022,Everton,0.0,0.0,0.0,32.72425249169436,74.0,65.07692307692308,3.0,26,DF,19000000
Alex Oxlade-Chamberlain,2021-2022,Liverpool,2.0,0.0,2.0,14.115402956604676,38.0,46.1764705882353,0.0,27,"MF,FW",18500000
Alisson,2021-2022,Liverpool,0.0,1.0,1.0,0.0,32.0,90.0,0.0,28,GK,82000000
Andrew Robertson,2021-2022,Liverpool,3.0,9.0,12.0,43.76731301939058,144.0,87.48275862068965,8.0,27,DF,83500000
Caoimhin Kelleher,2021-2022,Liverpool,0.0,0.0,0.0,0.0,2.0,90.0,0.0,22,GK,2200000
Curtis Jones,2021-2022,Liverpool,1.0,1.0,2.0,34.90566037735849,25.0,56.73333333333333,0.0,20,MF,7500000
Diogo Jota,2021-2022,Liverpool,14.0,3.0,17.0,35.57255293204745,70.0,67.54285714285714,3.0,24,FW,46000000
Fabinho,2021-2022,Liverpool,4.0,1.0,5.0,36.48790746582545,143.0,79.79310344827586,7.0,27,MF,73500000
Harvey Elliott,2021-2022,Liverpool,0.0,0.0,0.0,10.020242914979756,17.0,57.66666666666666,0.0,18,MF,7000000
Ibrahima Konate,2021-2022,Liverpool,0.0,0.0,0.0,0.0,82.0,90.0,2.0,22,DF,29500000
James Milner,2021-2022,Liverpool,0.0,1.0,1.0,19.860973187686195,84.0,35.541666666666664,2.0,35,"MF,DF",7000000
Joe Gomez,2021-2022,Liverpool,0.0,1.0,1.0,0.0,25.0,41.375,2.0,24,DF,43500000
Joel Matip,2021-2022,Liverpool,3.0,3.0,6.0,20.353982300884955,210.0,90.0,2.0,29,DF,30500000
Jordan Henderson,2021-2022,Liverpool,2.0,4.0,6.0,19.63130659767141,98.0,74.2,3.0,31,MF,29500000
Mohamed Salah,2021-2022,Liverpool,23.0,12.0,35.0,36.95177913187391,35.0,78.91428571428571,1.0,29,FW,101000000
Naby Keita,2021-2022,Liverpool,2.0,1.0,3.0,27.135678391959797,101.0,51.0,3.0,26,MF,27500000
Roberto Firmino,2021-2022,Liverpool,4.0,3.0,7.0,36.63003663003663,50.0,49.5,3.0,29,FW,54000000
Sadio Mane,2021-2022,Liverpool,15.0,1.0,16.0,37.69521282025109,86.0,82.91176470588235,5.0,29,FW,101000000
Takumi Minamino,2021-2022,Liverpool,3.0,0.0,3.0,57.16292134831461,8.0,16.90909090909091,1.0,26,"FW,MF",6500000
Thiago Alcantara,2021-2022,Liverpool,1.0,3.0,4.0,23.80952380952381,109.0,61.36,2.0,30,MF,65000000
Trent Alexander-Arnold,2021-2022,Liverpool,1.0,12.0,13.0,29.19278996865204,145.0,89.15625,2.0,22,DF,114000000
Virgil van Dijk,2021-2022,Liverpool,3.0,1.0,4.0,39.80582524271844,177.0,90.0,3.0,30,DF,86000000
Aymeric Laporte,2021-2022,Manchester City,4.0,0.0,4.0,19.82783357245337,132.0,85.6969696969697,8.0,27,DF,77000000
Bernardo Silva,2021-2022,Manchester City,7.0,4.0,11.0,40.53708439897698,120.0,81.62857142857143,6.0,26,"MF,FW",80000000
Ederson,2021-2022,Manchester City,0.0,0.0,0.0,0.0,18.81,86.09615384615384,4.03,27,GK,94000000
Fernandinho,2021-2022,Manchester City,2.0,0.0,2.0,16.68520578420467,50.0,50.73684210526316,1.0,36,"MF,DF",7000000
Gabriel Jesus,2021-2022,Manchester City,7.0,7.0,14.0,31.780735107731303,59.0,67.03571428571429,1.0,24,FW,52500000
Ilkay Gundogan,2021-2022,Manchester City,8.0,3.0,11.0,32.581818181818186,59.0,68.77777777777777,1.0,30,MF,51500000
Jack Grealish,2021-2022,Manchester City,2.0,2.0,4.0,35.385296722763506,44.0,73.61538461538461,3.0,25,FW,50500000
Joao Cancelo,2021-2022,Manchester City,1.0,7.0,8.0,28.324910637248863,212.0,89.63888888888889,7.0,27,DF,71500000
John Stones,2021-2022,Manchester City,0.0,0.0,0.0,55.5431131019037,46.0,79.92857142857143,0.0,27,DF,41000000
Kevin De Bruyne,2021-2022,Manchester City,14.0,8.0,22.0,39.815762538382806,86.0,73.36666666666666,2.0,30,MF,125500000
Kyle Walker,2021-2022,Manchester City,0.0,1.0,1.0,24.405506883604502,59.0,87.75,1.0,31,DF,39000000
Nathan Ake,2021-2022,Manchester City,2.0,0.0,2.0,40.79207920792079,54.0,65.92857142857143,0.0,26,DF,16500000
Oleksandr Zinchenko,2021-2022,Manchester City,0.0,3.0,3.0,32.970711297071134,60.0,69.8,0.0,24,DF,29500000
Phil Foden,2021-2022,Manchester City,8.0,4.0,12.0,38.590014064697606,41.0,76.0,1.0,21,FW,94500000
Raheem Sterling,2021-2022,Manchester City,12.0,4.0,16.0,46.49693365545438,50.0,70.93333333333334,1.0,26,FW,107500000
Riyad Mahrez,2021-2022,Manchester City,10.0,4.0,14.0,32.14413768375762,38.0,53.5,0.0,30,FW,65500000
Rodri,2021-2022,Manchester City,9.0,2.0,11.0,31.425153793574843,225.97,69.72222222222223,6.53,25,MF,81000000
Ruben Dias,2021-2022,Manchester City,1.0,4.0,5.0,16.433761878144214,134.0,82.82758620689656,5.0,24,DF,102500000
Aaron Ramsdale,2022-2023,Arsenal,0.0,0.0,0.0,0.0,21.0,90.0,1.0,24,GK,34500000
Ben White,2022-2023,Arsenal,2.0,5.0,7.0,20.65106815869786,208.0,80.39473684210526,5.0,24,DF,32500000
Bukayo Saka,2022-2023,Arsenal,14.0,10.0,24.0,33.749125670319415,134.0,83.71052631578948,6.0,20,FW,60500000
Fabio Vieira,2022-2023,Arsenal,1.0,2.0,3.0,13.342228152101402,17.0,23.363636363636363,0.0,22,"MF,FW",23500000
Gabriel Jesus,2022-2023,Arsenal,10.0,5.0,15.0,40.791556728232194,86.0,79.38461538461539,6.0,25,FW,48500000
Gabriel Magalhaes,2022-2023,Arsenal,3.0,0.0,3.0,28.58040201005025,254.0,89.71052631578948,5.0,24,DF,37000000
Gabriel Martinelli,2022-2023,Arsenal,14.0,4.0,18.0,38.03921568627452,78.0,77.47222222222223,3.0,21,FW,31500000
Granit Xhaka,2022-2023,Arsenal,6.0,6.0,12.0,35.010010010010014,122.0,80.89189189189189,4.0,29,MF,15000000
Kieran Tierney,2022-2023,Arsenal,0.0,0.0,0.0,29.06474820143885,64.0,29.444444444444443,0.0,25,DF,33000000
Martin Ødegaard,2022-2023,Arsenal,14.0,6.0,20.0,33.204301075268816,74.0,84.51351351351352,4.0,23,MF,63500000
Oleksandr Zinchenko,2022-2023,Arsenal,0.0,1.0,1.0,25.21459227467811,120.0,78.44444444444444,3.0,25,DF,21500000
Reiss Nelson,2022-2023,Arsenal,3.0,2.0,5.0,58.3469721767594,11.0,19.272727272727277,0.0,22,FW,6000000
Rob Holding,2022-2023,Arsenal,1.0,0.0,1.0,40.07936507936508,44.0,40.42857142857143,0.0,26,DF,11500000
Takehiro Tomiyasu,2022-2023,Arsenal,0.0,1.0,1.0,0.0,63.0,31.571428571428573,2.0,23,DF,26000000
Thomas Partey,2022-2023,Arsenal,3.0,0.0,3.0,13.845050215208037,165.0,75.24242424242425,5.0,29,MF,36000000
William Saliba,2022-2023,Arsenal,1.0,1.0,2.0,50.0,151.0,89.44444444444444,4.0,21,DF,40000000
Ashley Young,2022-2023,Aston Villa,0.0,0.0,0.0,19.70509383378016,161.0,70.20689655172414,7.0,37,DF,1400000
Boubacar Kamara,2022-2023,Aston Villa,0.0,0.0,0.0,24.873096446700508,139.0,74.04166666666667,4.0,22,MF,31000000
Calum Chambers,2022-2023,Aston Villa,0.0,0.0,0.0,0.0,31.0,25.214285714285715,2.0,27,"DF,MF",5500000
Danny Ings,2022-2023,Aston Villa,11.0,0.0,11.0,47.99341428277423,65.78,45.68571428571428,5.8,30,FW,17500000
Diego Carlos,2022-2023,Aston Villa,0.0,0.0,0.0,0.0,6.0,68.33333333333333,0.0,29,DF,30500000
Douglas Luiz,2022-2023,Aston Villa,5.0,5.0,10.0,35.228604923798365,175.0,79.10810810810811,9.0,24,MF,19500000
Emi Buendia,2022-2023,Aston Villa,5.0,1.0,6.0,22.410277324632958,109.0,63.47368421052632,0.0,25,"MF,FW",26500000
Emiliano Martinez,2022-2023,Aston Villa,0.0,0.0,0.0,0.0,24.0,87.19444444444444,7.0,29,GK,29000000
Ezri Konsa,2022-2023,Aston Villa,0.0,0.0,0.0,0.0,229.0,87.42105263157895,6.0,24,DF,32500000
Jacob Ramsey,2022-2023,Aston Villa,5.0,7.0,12.0,38.930836605255216,174.0,75.31428571428572,5.0,21,"MF,FW",12500000
John McGinn,2022-2023,Aston Villa,0.0,2.0,2.0,26.421404682274247,152.0,79.20588235294117,7.0,27,"MF,FW",20000000
Leander Dendoncker,2022-2023,Aston Villa,0.0,0.0,0.0,0.0,78.7,37.958333333333336,0.0,27,MF,8500000
Leon Bailey,2022-2023,Aston Villa,3.0,3.0,6.0,27.47403488144229,45.0,59.60606060606061,4.0,24,"FW,MF",29000000
Lucas Digne,2022-2023,Aston Villa,1.0,0.0,1.0,37.53117206982544,111.0,53.642857142857146,5.0,29,DF,27500000
Matty Cash,2022-2023,Aston Villa,0.0,1.0,1.0,14.285714285714285,144.0,70.0,4.0,24,DF,24500000
Ollie Watkins,2022-2023,Aston Villa,14.0,5.0,19.0,53.72156722639038,89.0,84.51351351351352,4.0,26,FW,18500000
Philippe Coutinho,2022-2023,Aston Villa,0.0,0.0,0.0,37.92613636363636,36.0,39.4,3.0,30,"MF,FW",29500000
Robin Olsen,2022-2023,Aston Villa,0.0,0.0,0.0,0.0,1.0,70.25,0.0,32,GK,2800000
Tyrone Mings,2022-2023,Aston Villa,1.0,2.0,3.0,30.0,272.0,90.0,7.0,29,DF,12000000
Adam Smith,2022-2023,Bournemouth,0.0,0.0,0.0,20.0,185.0,79.54054054054055,11.0,31,DF,3100000
Ben Pearson,2022-2023,Bournemouth,0.0,0.0,0.0,49.00990099009901,19.0,40.85714285714285,1.0,27,MF,2900000
Chris Mepham,2022-2023,Bournemouth,0.0,0.0,0.0,48.4472049689441,267.0,84.57692307692308,7.0,24,DF,2300000
Dominic Solanke,2022-2023,Bournemouth,6.0,7.0,13.0,36.81578947368421,93.0,86.66666666666667,2.0,24,"FW,MF",8000000
Illia Zabarnyi,2022-2023,Bournemouth,0.0,0.0,0.0,0.0,28.0,59.8,0.0,19,DF,6000000
Jack Stacey,2022-2023,Bournemouth,0.0,0.0,0.0,0.0,28.0,29.9,2.0,26,DF,3500000
Jack Stephens,2022-2023,Bournemouth,0.0,0.0,0.0,53.46534653465347,111.12,71.70588235294117,3.12,28,DF,3600000
Jaidon Anthony,2022-2023,Bournemouth,2.0,0.0,2.0,58.86075949367088,89.0,41.9,2.0,22,"MF,FW",4800000
Jefferson Lerma,2022-2023,Bournemouth,5.0,0.0,5.0,28.8692175899486,220.0,87.89189189189189,7.0,27,MF,5500000
Joe Rothwell,2022-2023,Bournemouth,0.0,1.0,1.0,66.55737704918032,50.0,50.8,1.0,27,MF,2700000
Jordan Zemura,2022-2023,Bournemouth,0.0,0.0,0.0,0.0,118.0,76.52631578947368,1.0,22,DF,3100000
Kieffer Moore,2022-2023,Bournemouth,3.0,0.0,3.0,34.56521739130435,53.0,47.37037037037037,1.0,29,FW,3000000
Lewis Cook,2022-2023,Bournemouth,0.0,1.0,1.0,0.0,120.0,61.42857142857143,4.0,25,MF,6000000
Lloyd Kelly,2022-2023,Bournemouth,0.0,2.0,2.0,0.0,186.0,88.69565217391305,3.0,23,DF,5500000
Marcos Senesi,2022-2023,Bournemouth,1.0,0.0,1.0,24.159402241594023,277.0,80.35483870967742,7.0,25,DF,18500000
Marcus Tavernier,2022-2023,Bournemouth,5.0,4.0,9.0,37.70580296896087,90.0,75.78260869565217,1.0,23,"MF,FW",5000000
Mark Travers,2022-2023,Bournemouth,0.0,0.0,0.0,0.0,7.0,86.25,0.0,23,GK,5000000
Neto,2022-2023,Bournemouth,0.0,0.0,0.0,0.0,21.340000000000003,72.57407407407408,6.57,33,GK,13000000
Philip Billing,2022-2023,Bournemouth,7.0,0.0,7.0,47.57026530076176,200.0,76.77777777777777,5.0,26,"MF,FW",7500000
Ryan Christie,2022-2023,Bournemouth,1.0,1.0,2.0,27.17095310136158,96.0,57.3125,2.0,27,"MF,FW",4500000
Ryan Fredericks,2022-2023,Bournemouth,0.0,0.0,0.0,0.0,38.0,44.41666666666666,1.0,29,DF,4900000
Aaron Hickey,2022-2023,Brentford,0.0,1.0,1.0,17.328519855595665,105.0,73.6923076923077,7.0,20,DF,12000000
Ben Mee,2022-2023,Brentford,2.0,1.0,3.0,24.68694096601073,269.0,88.35135135135135,2.0,32,DF,9000000
Bryan Mbeumo,2022-2023,Brentford,9.0,8.0,17.0,45.627050934512766,84.0,76.47368421052632,5.0,22,FW,9000000
Christian Nørgaard,2022-2023,Brentford,0.0,2.0,2.0,42.29352972119936,159.0,80.13636363636364,6.0,28,MF,6500000
David Raya,2022-2023,Brentford,0.0,0.0,0.0,0.0,12.0,90.0,1.0,26,GK,7000000
Ethan Pinnock,2022-2023,Brentford,3.0,0.0,3.0,53.99999999999999,343.0,90.0,0.0,29,DF,4700000
Frank Onyeka,2022-2023,Brentford,0.0,1.0,1.0,43.79157427937916,61.0,40.38095238095238,0.0,24,MF,4200000
Ivan Toney,2022-2023,Brentford,20.0,3.0,23.0,38.115508513575705,97.0,89.42424242424242,9.0,26,FW,13000000
Josh Dasilva,2022-2023,Brentford,4.0,2.0,6.0,33.35183129855716,52.0,38.583333333333336,1.0,23,MF,4600000
Keane Lewis-Potter,2022-2023,Brentford,0.0,1.0,1.0,28.611898016997166,8.0,32.1,0.0,21,"FW,MF",4200000
Kristoffer Ajer,2022-2023,Brentford,0.0,0.0,0.0,0.0,46.0,84.77777777777777,0.0,24,DF,11500000
Mads Roerslev,2022-2023,Brentford,0.0,0.0,0.0,0.0,83.0,55.4,0.0,23,DF,2100000
Mathias Jensen,2022-2023,Brentford,4.0,5.0,9.0,29.726205997392437,181.0,75.75675675675676,5.0,26,MF,5500000
Mathias Jørgensen,2022-2023,Brentford,0.0,0.0,0.0,19.444444444444446,91.0,61.27777777777778,2.0,32,DF,1500000
Mikkel Damsgaard,2022-2023,Brentford,0.0,0.0,0.0,42.20183486238532,75.0,38.0,4.0,22,"MF,FW",17000000
Pontus Jansson,2022-2023,Brentford,0.0,0.0,0.0,50.0,65.0,60.333333333333336,0.0,31,DF,3800000
Rico Henry,2022-2023,Brentford,0.0,2.0,2.0,18.032786885245898,200.0,87.51351351351352,4.0,25,DF,7000000
Shandon Baptiste,2022-2023,Brentford,0.0,1.0,1.0,25.75,42.0,26.869565217391305,6.0,24,MF,2500000
Vitaly Janelt,2022-2023,Brentford,2.0,0.0,2.0,35.100286532951294,138.0,63.08571428571429,3.0,24,"MF,DF",6500000
Yoane Wissa,2022-2023,Brentford,6.0,3.0,9.0,46.92404268675456,48.0,42.26315789473684,3.0,25,FW,6500000
Adam Lallana,2022-2023,Brighton,2.0,0.0,2.0,62.0,18.0,45.125,0.0,34,"MF,FW",2600000
Adam Webster,2022-2023,Brighton,0.0,0.0,0.0,10.98233995584989,126.0,73.51851851851852,2.0,27,DF,8500000
Alexis Mac Allister,2022-2023,Brighton,9.0,1.0,10.0,34.94307519079194,128.0,82.45714285714286,8.0,23,MF,12000000
Billy Gilmour,2022-2023,Brighton,0.0,1.0,1.0,16.86143572621035,21.0,36.21428571428572,1.0,21,MF,5000000
Danny Welbeck,2022-2023,Brighton,5.0,3.0,8.0,35.54265441057894,64.0,59.80645161290322,0.0,31,FW,4800000
Deniz Undav,2022-2023,Brighton,5.0,0.0,5.0,44.44444444444444,12.0,28.545454545454547,2.0,26,"FW,MF",14000000
Enock Mwepu,2022-2023,Brighton,0.0,1.0,1.0,49.50980392156863,15.0,35.5,0.0,24,"FW,MF",12000000
Evan Ferguson,2022-2023,Brighton,6.0,2.0,8.0,47.219917012448136,25.0,50.0,1.0,17,FW,700000
Jan Paul van Hecke,2022-2023,Brighton,0.0,0.0,0.0,0.0,31.0,36.875,2.0,22,DF,3900000
Jason Steele,2022-2023,Brighton,0.0,1.0,1.0,0.0,6.0,90.0,1.0,31,GK,375000
Joel Veltman,2022-2023,Brighton,0.0,0.0,0.0,33.8420703384207,159.0,70.58064516129032,6.0,30,DF,11500000
Julio Enciso,2022-2023,Brighton,4.0,1.0,5.0,47.405660377358494,28.0,40.3,1.0,18,"FW,MF",1300000
Kaoru Mitoma,2022-2023,Brighton,6.0,4.0,10.0,40.59861857252495,96.0,70.24242424242425,0.0,25,"FW,MF",5500000
Leandro Trossard,2022-2023,Brighton,11.0,3.0,14.0,44.6092060549892,57.98,62.388888888888886,1.71,27,"FW,MF",18500000
Levi Colwill,2022-2023,Brighton,0.0,2.0,2.0,0.0,65.0,71.76470588235294,1.0,19,DF,3500000
Lewis Dunk,2022-2023,Brighton,1.0,0.0,1.0,13.114754098360654,182.0,89.97222222222223,4.0,30,DF,14500000
Moises Caicedo,2022-2023,Brighton,1.0,1.0,2.0,28.760744985673348,230.0,84.83783783783784,10.0,20,MF,3800000
Pascal Groß,2022-2023,Brighton,9.0,7.0,16.0,49.07407407407406,125.0,87.54054054054055,6.0,31,"MF,DF",8500000
Pervis Estupinan,2022-2023,Brighton,0.0,5.0,5.0,13.26004809343868,165.0,76.42857142857143,4.0,24,DF,23500000
Robert Sanchez,2022-2023,Brighton,0.0,0.0,0.0,0.0,13.0,90.0,2.0,24,GK,13500000
Solly March,2022-2023,Brighton,6.0,6.0,12.0,42.04622246249494,143.0,82.27272727272727,2.0,28,"FW,DF",5500000
Tariq Lamptey,2022-2023,Brighton,0.0,0.0,0.0,0.0,27.0,22.65,1.0,21,DF,12000000
Armando Broja,2022-2023,Chelsea,1.0,0.0,1.0,83.19604612850083,16.0,24.5,0.0,20,FW,12500000
Ben Chilwell,2022-2023,Chelsea,2.0,2.0,4.0,25.51854179761156,86.0,61.21739130434783,3.0,25,"DF,MF",37000000
Carney Chukwuemeka,2022-2023,Chelsea,0.0,0.0,0.0,19.7979797979798,27.0,25.285714285714285,0.0,18,"MF,FW",1900000
Cesar Azpilicueta,2022-2023,Chelsea,0.0,0.0,0.0,11.320754716981131,142.0,61.08,3.0,32,DF,20000000
Christian Pulisic,2022-2023,Chelsea,1.0,1.0,2.0,31.748547279450605,27.0,34.208333333333336,1.0,23,"FW,DF",48000000
Conor Gallagher,2022-2023,Chelsea,3.0,1.0,4.0,39.35483870967742,128.0,46.31428571428572,14.0,22,MF,35500000
Denis Zakaria,2022-2023,Chelsea,0.0,0.0,0.0,0.0,33.91,59.333333333333336,0.0,25,MF,34500000
Edouard Mendy,2022-2023,Chelsea,0.0,0.0,0.0,0.0,3.0,85.5,1.0,30,GK,51000000
Hakim Ziyech,2022-2023,Chelsea,0.0,2.0,2.0,18.793211816467636,38.0,36.72222222222222,1.0,29,"FW,MF",35500000
Jorginho,2022-2023,Chelsea,3.0,0.0,3.0,33.33333333333333,146.87,66.6875,6.68,30,MF,51500000
Kai Havertz,2022-2023,Chelsea,7.0,1.0,8.0,44.48582068175308,110.0,73.4,5.0,23,"FW,MF",84500000
Kalidou Koulibaly,2022-2023,Chelsea,2.0,1.0,3.0,36.36363636363637,181.0,78.26086956521739,10.0,31,DF,54500000
Kepa Arrizabalaga,2022-2023,Chelsea,0.0,0.0,0.0,0.0,19.0,88.44827586206897,1.0,27,GK,20500000
Lewis Hall,2022-2023,Chelsea,0.0,0.0,0.0,45.73502722323049,53.0,72.66666666666667,1.0,17,DF,675000
Marc Cucurella,2022-2023,Chelsea,0.0,2.0,2.0,0.0,158.0,69.625,4.0,24,DF,34500000
Mason Mount,2022-2023,Chelsea,2.0,2.0,4.0,27.23132969034609,74.0,68.66666666666667,4.0,23,"MF,FW",57500000
Mateo Kovacic,2022-2023,Chelsea,0.0,2.0,2.0,4.132231404958678,81.0,63.22222222222222,8.0,28,MF,42000000
Mykhailo Mudryk,2022-2023,Chelsea,0.0,1.0,1.0,35.37803138373752,21.0,43.8,1.0,21,"FW,MF",12500000
N'Golo Kante,2022-2023,Chelsea,0.0,0.0,0.0,12.28287841191067,35.0,74.0,1.0,31,MF,72000000
Pierre-Emerick Aubameyang,2022-2023,Chelsea,1.0,0.0,1.0,43.83394383394384,9.14,35.1875,1.02,33,FW,34500000
Raheem Sterling,2022-2023,Chelsea,6.0,2.0,8.0,38.0,42.0,67.53571428571429,4.0,27,"FW,MF",72500000
Reece James,2022-2023,Chelsea,0.0,0.0,0.0,24.98438475952529,83.0,77.75,4.0,22,"DF,MF",57000000
Ruben Loftus-Cheek,2022-2023,Chelsea,0.0,1.0,1.0,22.626931567328917,75.0,61.44,1.0,26,"MF,DF",9500000
Thiago Silva,2022-2023,Chelsea,0.0,2.0,2.0,14.045698924731182,224.0,87.11111111111111,2.0,37,DF,12000000
Trevoh Chalobah,2022-2023,Chelsea,0.0,0.0,0.0,22.011173184357546,128.0,64.32,4.0,23,DF,11000000
Wesley Fofana,2022-2023,Chelsea,1.0,0.0,1.0,32.51798561151079,115.26999999999998,80.17647058823529,3.46,21,DF,33000000
Albert Sambi Lokonga,2022-2023,Crystal Palace,0.0,0.0,0.0,49.82078853046595,51.94,48.93333333333333,2.73,22,MF,12500000
Cheick Doucoure,2022-2023,Crystal Palace,0.0,3.0,3.0,19.64483906770256,228.0,81.44117647058823,13.0,22,MF,10000000
Chris Richards,2022-2023,Crystal Palace,0.0,0.0,0.0,0.0,58.0,49.66666666666666,0.0,22,DF,9000000
Eberechi Eze,2022-2023,Crystal Palace,9.0,4.0,13.0,35.556190204198195,87.0,69.36842105263158,3.0,24,"MF,FW",11500000
James Tomkins,2022-2023,Crystal Palace,1.0,0.0,1.0,66.11842105263158,31.0,56.333333333333336,6.0,33,DF,1100000
Jean-Philippe Mateta,2022-2023,Crystal Palace,1.0,0.0,1.0,25.93818984547461,31.0,26.55172413793104,3.0,25,FW,10000000
Jeffrey Schlupp,2022-2023,Crystal Palace,3.0,1.0,4.0,31.99288256227758,166.0,74.44117647058823,7.0,29,"MF,FW",7500000
Joachim Andersen,2022-2023,Crystal Palace,0.0,0.0,0.0,40.838650865998176,282.0,86.9375,8.0,26,DF,12000000
Joel Ward,2022-2023,Crystal Palace,1.0,0.0,1.0,25.03113325031133,187.0,80.57142857142857,6.0,32,DF,2900000
Jordan Ayew,2022-2023,Crystal Palace,3.0,3.0,6.0,31.146516713527028,147.0,71.42105263157895,5.0,30,"FW,MF",5500000
Joseph Whitworth,2022-2023,Crystal Palace,0.0,0.0,0.0,0.0,1.0,90.0,0.0,18,GK,275000
Luka Milivojevic,2022-2023,Crystal Palace,0.0,0.0,0.0,0.0,48.0,28.444444444444443,2.0,31,MF,3000000
Marc Guehi,2022-2023,Crystal Palace,1.0,0.0,1.0,42.10526315789473,276.0,89.97297297297297,8.0,22,DF,29500000
Michael Olise,2022-2023,Crystal Palace,2.0,10.0,12.0,27.547614372668367,147.0,74.29729729729729,2.0,20,"FW,MF",16500000
Nathaniel Clyne,2022-2023,Crystal Palace,0.0,0.0,0.0,0.0,102.0,74.54545454545455,3.0,31,DF,3100000
Odsonne Edouard,2022-2023,Crystal Palace,5.0,2.0,7.0,38.46153846153847,67.0,51.51428571428571,3.0,24,FW,12000000
Sam Johnstone,2022-2023,Crystal Palace,0.0,0.0,0.0,0.0,5.0,90.0,1.0,29,GK,4700000
Tyrick Mitchell,2022-2023,Crystal Palace,0.0,1.0,1.0,15.737704918032788,239.0,80.30555555555556,8.0,22,DF,14500000
Vicente Guaita,2022-2023,Crystal Palace,0.0,0.0,0.0,0.0,9.0,90.0,1.0,35,GK,1900000
Wilfried Zaha,2022-2023,Crystal Palace,7.0,2.0,9.0,32.932354319637554,78.0,84.74074074074075,5.0,29,"FW,MF",30000000
Will Hughes,2022-2023,Crystal Palace,1.0,1.0,2.0,67.10963455149502,70.0,31.185185185185187,4.0,27,MF,6500000
Abdoulaye Doucoure,2022-2023,Everton,4.0,2.0,6.0,40.17094017094017,81.0,61.32,9.0,29,MF,17000000
Alex Iwobi,2022-2023,Everton,1.0,7.0,8.0,35.714285714285715,164.0,88.89473684210526,2.0,26,"MF,FW",6500000
Amadou Onana,2022-2023,Everton,1.0,1.0,2.0,17.879234167893962,173.0,75.39393939393939,9.0,20,MF,8500000
Anthony Gordon,2022-2023,Everton,4.0,0.0,4.0,61.68348380244292,98.1,49.4375,8.66,21,FW,12500000
Ben Godfrey,2022-2023,Everton,0.0,0.0,0.0,0.0,73.0,61.69230769230769,2.0,24,DF,22000000
Conor Coady,2022-2023,Everton,0.0,0.0,0.0,53.03030303030303,137.0,87.33333333333333,2.0,29,DF,14500000
Demarai Gray,2022-2023,Everton,3.0,1.0,4.0,38.53820598006645,87.0,75.96969696969697,3.0,26,"FW,MF",12500000
Dominic Calvert-Lewin,2022-2023,Everton,1.0,1.0,2.0,30.1703975943869,30.0,68.52941176470588,3.0,25,FW,29500000
Dwight McNeil,2022-2023,Everton,6.0,3.0,9.0,32.52437703141929,182.0,69.38888888888889,5.0,22,"FW,MF",11500000
Idrissa Gana Gueye,2022-2023,Everton,0.0,0.0,0.0,40.41694687289845,237.0,78.0909090909091,7.0,32,MF,20500000
James Garner,2022-2023,Everton,0.0,0.0,0.0,33.70411568409343,50.0,50.25,3.0,21,"MF,DF",5000000
James Tarkowski,2022-2023,Everton,1.0,1.0,2.0,28.57142857142857,402.0,90.0,6.0,29,DF,14500000
Jordan Pickford,2022-2023,Everton,0.0,1.0,1.0,0.0,19.0,90.0,6.0,28,GK,26000000
Mason Holgate,2022-2023,Everton,0.0,0.0,0.0,0.0,53.0,63.375,6.0,25,DF,6500000
Michael Keane,2022-2023,Everton,0.0,1.0,1.0,28.888888888888893,88.0,82.08333333333333,0.0,29,DF,16000000
Nathan Patterson,2022-2023,Everton,0.0,0.0,0.0,12.452830188679243,133.0,67.3157894736842,3.0,20,"DF,MF",2000000
Neal Maupay,2022-2023,Everton,0.0,0.0,0.0,40.70021881838075,24.0,41.407407407407405,4.0,25,FW,9500000
Seamus Coleman,2022-2023,Everton,0.0,0.0,0.0,28.898426323319025,129.0,72.0,1.0,33,DF,3900000
Tom Davies,2022-2023,Everton,0.0,0.0,0.0,21.854304635761583,36.0,28.31578947368421,3.0,24,MF,7500000
Vitaliy Mykolenko,2022-2023,Everton,0.0,0.0,0.0,29.411764705882355,253.0,78.08823529411765,4.0,23,DF,14500000
Yerry Mina,2022-2023,Everton,1.0,0.0,1.0,50.43804755944932,56.0,84.85714285714286,2.0,27,DF,11000000
Aleksandar Mitrovic,2022-2023,Fulham,14.0,0.0,14.0,31.75612052730697,59.0,83.66666666666667,7.0,27,FW,15000000
Andreas Pereira,2022-2023,Fulham,3.0,5.0,8.0,36.278688524590166,53.0,81.57575757575758,8.0,26,MF,10000000
Antonee Robinson,2022-2023,Fulham,0.0,1.0,1.0,0.0,247.0,88.22857142857143,8.0,24,DF,5500000
Bernd Leno,2022-2023,Fulham,0.0,0.0,0.0,0.0,18.0,90.0,3.0,30,GK,14000000
Bobby De Cordova-Reid,2022-2023,Fulham,4.0,1.0,5.0,31.863533955584167,115.0,68.75,8.0,29,"FW,DF",4100000
Carlos Vinicius,2022-2023,Fulham,5.0,2.0,7.0,57.077205882352935,21.85,39.793103448275865,3.12,27,FW,9000000
Cedric Soares,2022-2023,Fulham,0.0,0.0,0.0,0.0,19.32,28.375,0.0,30,DF,4800000
Daniel James,2022-2023,Fulham,2.0,1.0,3.0,21.169463995668654,27.69,34.125,0.0,24,FW,16000000
Harrison Reed,2022-2023,Fulham,2.0,4.0,6.0,34.947578632051915,153.0,77.45945945945945,5.0,27,MF,6000000
Harry Wilson,2022-2023,Fulham,1.0,3.0,4.0,22.476296709425544,58.0,37.93103448275862,1.0,25,FW,10000000
Issa Diop,2022-2023,Fulham,0.0,0.0,0.0,69.41580756013745,173.0,80.48,2.0,25,DF,14000000
Joao Palhinha,2022-2023,Fulham,3.0,0.0,3.0,23.011800923550545,303.0,88.8,14.0,27,MF,28500000
Kenny Tete,2022-2023,Fulham,1.0,5.0,6.0,39.130434782608695,264.0,82.87096774193549,8.0,26,DF,4800000
Manor Solomon,2022-2023,Fulham,4.0,0.0,4.0,63.59530261969286,36.0,30.105263157894736,0.0,23,FW,17000000
Marek Rodak,2022-2023,Fulham,0.0,0.0,0.0,0.0,1.0,90.0,0.0,25,GK,6500000
Neeskens Kebano,2022-2023,Fulham,0.0,2.0,2.0,22.641509433962263,40.0,44.94117647058823,0.0,30,FW,2900000
Tim Ream,2022-2023,Fulham,0.0,0.0,0.0,66.55172413793103,232.0,87.78787878787878,2.0,34,DF,525000
Tom Cairney,2022-2023,Fulham,1.0,0.0,1.0,9.424083769633508,43.0,29.939393939393938,2.0,31,MF,4600000
Willian,2022-2023,Fulham,4.0,4.0,8.0,41.378470530930336,44.0,78.74074074074075,2.0,33,FW,6500000
Alex Oxlade-Chamberlain,2022-2023,Liverpool,1.0,0.0,1.0,43.10344827586207,15.0,37.22222222222222,0.0,28,"FW,MF",10500000
Alisson,2022-2023,Liverpool,0.0,1.0,1.0,0.0,23.0,90.0,1.0,29,GK,79000000
Andrew Robertson,2022-2023,Liverpool,0.0,8.0,8.0,15.557275541795663,138.0,75.97058823529412,3.0,28,DF,72000000
Curtis Jones,2022-2023,Liverpool,2.0,1.0,3.0,33.04347826086957,58.0,57.5,2.0,21,MF,17000000
Darwin Nunez,2022-2023,Liverpool,9.0,3.0,12.0,41.70542635658915,37.0,58.44827586206897,4.0,23,FW,61500000
Diogo Jota,2022-2023,Liverpool,7.0,4.0,11.0,31.55049786628734,42.0,51.40909090909091,2.0,25,FW,76000000
Fabinho,2022-2023,Liverpool,0.0,2.0,2.0,21.30242825607064,180.0,74.19444444444444,11.0,28,MF,77000000
Fabio Carvalho,2022-2023,Liverpool,2.0,0.0,2.0,36.51079136690648,20.0,26.692307692307693,0.0,19,"MF,FW",7000000
Harvey Elliott,2022-2023,Liverpool,1.0,1.0,2.0,33.32406892718177,76.0,50.40625,2.0,19,"MF,FW",7000000
Ibrahima Konate,2022-2023,Liverpool,0.0,0.0,0.0,26.521344232515894,137.0,86.22222222222223,5.0,23,DF,48000000
James Milner,2022-2023,Liverpool,0.0,1.0,1.0,14.490674318507892,67.0,29.451612903225808,2.0,36,"MF,DF",4400000
Joe Gomez,2022-2023,Liverpool,0.0,0.0,0.0,32.50414593698176,120.0,69.80952380952381,3.0,25,DF,34000000
Joel Matip,2022-2023,Liverpool,0.0,0.0,0.0,60.88709677419355,88.0,78.0,3.0,30,DF,34500000
Jordan Henderson,2022-2023,Liverpool,0.0,2.0,2.0,22.0,90.0,59.25714285714286,2.0,32,MF,28500000
Mohamed Salah,2022-2023,Liverpool,19.0,12.0,31.0,37.16054477919934,52.0,86.57894736842105,2.0,30,FW,115500000
Naby Keita,2022-2023,Liverpool,0.0,0.0,0.0,0.0,11.0,36.625,1.0,27,MF,29500000
Roberto Firmino,2022-2023,Liverpool,11.0,4.0,15.0,64.01845207585853,42.0,48.52,0.0,30,"FW,MF",35500000
Thiago Alcantara,2022-2023,Liverpool,0.0,0.0,0.0,9.69030969030969,92.0,69.66666666666667,2.0,31,MF,55500000
Trent Alexander-Arnold,2022-2023,Liverpool,1.0,9.0,10.0,20.31015507753877,166.0,79.0,5.0,23,DF,100500000
Virgil van Dijk,2022-2023,Liverpool,3.0,0.0,3.0,30.548128342245988,220.0,88.59375,3.0,31,DF,98000000
Aymeric Laporte,2022-2023,Manchester City,0.0,0.0,0.0,9.89010989010989,54.0,82.75,0.0,28,DF,64500000
Bernardo Silva,2022-2023,Manchester City,3.0,4.0,7.0,36.25450180072029,89.0,64.8529411764706,5.0,27,"MF,FW",97500000
Cole Palmer,2022-2023,Manchester City,0.0,0.0,0.0,27.20655141037307,10.0,26.428571428571427,1.0,20,"MF,FW",2700000
Ederson,2022-2023,Manchester City,0.0,1.0,1.0,0.0,23.840000000000003,76.64285714285714,5.11,28,GK,88000000
Erling Haaland,2022-2023,Manchester City,36.0,8.0,44.0,45.6252152945229,32.0,79.11428571428571,5.0,22,FW,148000000
Ilkay Gundogan,2022-2023,Manchester City,8.0,3.0,11.0,37.44809362023405,81.0,75.90322580645162,0.0,31,MF,44000000
Jack Grealish,2022-2023,Manchester City,5.0,7.0,12.0,36.67153996101365,58.0,73.39285714285714,4.0,26,FW,46000000
Joao Cancelo,2022-2023,Manchester City,3.0,1.0,4.0,17.48687664041995,114.48,71.4375,10.74,28,DF,82500000
John Stones,2022-2023,Manchester City,2.0,2.0,4.0,27.822944896115622,89.0,80.26086956521739,2.0,28,"DF,MF",34500000
Julian Alvarez,2022-2023,Manchester City,8.0,0.0,8.0,43.46412313028398,47.0,47.25806451612903,0.0,22,"FW,MF",32000000
Kalvin Phillips,2022-2023,Manchester City,0.0,0.0,0.0,0.0,28.0,25.0,1.0,26,MF,32000000
Kevin De Bruyne,2022-2023,Manchester City,6.0,16.0,22.0,32.2273425499232,74.0,75.53125,1.0,31,MF,107500000
Kyle Walker,2022-2023,Manchester City,0.0,0.0,0.0,21.756487025948108,65.0,72.51851851851852,3.0,32,DF,37500000
Manuel Akanji,2022-2023,Manchester City,0.0,1.0,1.0,13.54236157438292,112.0,78.86206896551724,2.0,27,DF,26500000
Nathan Ake,2022-2023,Manchester City,1.0,0.0,1.0,23.266219239373605,114.0,72.03846153846153,2.0,27,DF,15000000
Phil Foden,2022-2023,Manchester City,11.0,5.0,16.0,47.571552471812666,58.0,57.5625,1.0,22,FW,109500000
Rico Lewis,2022-2023,Manchester City,0.0,0.0,0.0,40.0,43.0,64.5,1.0,17,"DF,MF",1000000
Riyad Mahrez,2022-2023,Manchester City,4.0,10.0,14.0,28.431839847473785,71.0,64.0,2.0,31,"FW,MF",56500000
Rodri,2022-2023,Manchester City,3.0,9.0,12.0,27.736286376513004,283.85,68.36363636363636,7.76,26,MF,88500000
Ruben Dias,2022-2023,Manchester City,0.0,0.0,0.0,20.02002002002002,116.0,76.84615384615384,3.0,25,DF,107500000
Sergio Gomez,2022-2023,Manchester City,0.0,1.0,1.0,0.0,25.64,27.615384615384617,0.0,21,"DF,MF",9000000
Stefan Ortega,2022-2023,Manchester City,0.0,0.0,0.0,0.0,0.0,90.0,0.0,29,GK,14500000
James Bree,2022-2023,Southampton,0.0,0.0,0.0,100.0,25.0,73.4,1.0,24,DF,2500000
Jan Bednarek,2022-2023,Southampton,0.0,0.0,0.0,0.0,212.9,77.04347826086956,5.3,26,DF,9000000
Aaron Ramsdale,2023-2024,Arsenal,0.0,0.0,0.0,0.0,3.0,90.0,0.0,25,GK,43000000
Ben White,2023-2024,Arsenal,3.0,3.0,6.0,46.17760617760619,205.0,80.75675675675676,8.0,25,DF,25500000
Bukayo Saka,2023-2024,Arsenal,15.0,9.0,24.0,30.56811480243759,148.0,83.4,4.0,21,FW,99000000
David Raya,2023-2024,Arsenal,0.0,0.0,0.0,0.0,9.0,90.0,2.0,27,GK,19500000
Declan Rice,2023-2024,Arsenal,7.0,7.0,14.0,34.56896551724138,216.0,84.86842105263158,5.0,24,MF,63000000
Emile Smith Rowe,2023-2024,Arsenal,0.0,0.0,0.0,33.22147651006711,11.0,27.153846153846157,0.0,23,MF,22500000
Fabio Vieira,2023-2024,Arsenal,0.0,2.0,2.0,16.472545757071547,7.0,27.0,3.0,23,"MF,FW",16500000
Gabriel Jesus,2023-2024,Arsenal,3.0,4.0,7.0,34.61958500182017,72.0,54.74074074074074,6.0,26,FW,50500000
Gabriel Magalhaes,2023-2024,Arsenal,4.0,0.0,4.0,32.60450160771704,223.0,84.55555555555556,4.0,25,DF,47000000
Gabriel Martinelli,2023-2024,Arsenal,6.0,4.0,10.0,34.36745949672527,67.0,57.68571428571428,1.0,22,FW,61500000
Jakub Kiwior,2023-2024,Arsenal,1.0,3.0,4.0,33.44481605351171,67.0,47.3,1.0,23,DF,8500000
Jorginho,2023-2024,Arsenal,0.0,2.0,2.0,0.0,60.0,38.375,1.0,31,MF,25500000
Kai Havertz,2023-2024,Arsenal,12.0,7.0,19.0,39.65872315386879,103.0,71.1891891891892,11.0,24,"MF,FW",46000000
Leandro Trossard,2023-2024,Arsenal,11.0,0.0,11.0,36.69786096256684,68.0,48.5,2.0,28,"FW,MF",26500000
Martin Ødegaard,2023-2024,Arsenal,7.0,9.0,16.0,27.97913601711917,92.0,88.31428571428572,2.0,24,MF,109000000
Oleksandr Zinchenko,2023-2024,Arsenal,0.0,1.0,1.0,18.0,114.0,63.77777777777778,2.0,26,DF,24000000
Reiss Nelson,2023-2024,Arsenal,0.0,0.0,0.0,25.37313432835821,20.0,17.866666666666667,1.0,23,FW,8500000
Takehiro Tomiyasu,2023-2024,Arsenal,2.0,1.0,3.0,17.2737955346651,81.0,52.22727272727273,5.0,24,DF,20000000
Thomas Partey,2023-2024,Arsenal,0.0,0.0,0.0,25.21847690387016,43.0,56.285714285714285,3.0,30,"MF,DF",45000000
William Saliba,2023-2024,Arsenal,1.0,1.0,2.0,30.769230769230766,183.0,90.0,4.0,22,DF,53000000
Alex Moreno,2023-2024,Aston Villa,1.0,0.0,1.0,49.93788819875776,79.0,49.095238095238095,2.0,30,DF,18000000
Boubacar Kamara,2023-2024,Aston Villa,0.0,0.0,0.0,18.511066398390344,101.0,82.6,10.0,23,MF,29000000
Clement Lenglet,2023-2024,Aston Villa,0.0,1.0,1.0,25.81863979848866,86.0,82.35714285714286,3.0,28,DF,10500000
Diego Carlos,2023-2024,Aston Villa,0.0,0.0,0.0,10.0,142.0,67.25925925925925,4.0,30,DF,21000000
Douglas Luiz,2023-2024,Aston Villa,8.0,4.0,12.0,29.54959053685168,131.0,85.51428571428572,12.0,25,MF,22000000
Emiliano Martinez,2023-2024,Aston Villa,0.0,0.0,0.0,0.0,12.0,88.67647058823529,4.0,30,GK,36000000
Ezri Konsa,2023-2024,Aston Villa,1.0,0.0,1.0,26.806282722513085,191.0,87.68571428571428,5.0,25,DF,20500000
Jacob Ramsey,2023-2024,Aston Villa,1.0,1.0,2.0,21.000000000000004,42.0,53.3125,2.0,22,"FW,MF",21500000
Jader Duran,2023-2024,Aston Villa,5.0,0.0,5.0,35.0920856147337,23.0,20.65217391304348,5.0,19,"FW,MF",1900000
John McGinn,2023-2024,Aston Villa,5.0,4.0,9.0,35.010010010010014,134.0,85.68571428571428,12.0,28,"MF,FW",17500000
Leon Bailey,2023-2024,Aston Villa,10.0,8.0,18.0,33.76623376623377,46.0,59.08571428571429,5.0,25,"MF,FW",21000000
Lucas Digne,2023-2024,Aston Villa,1.0,2.0,3.0,20.0,160.0,73.03030303030303,7.0,30,DF,15500000
Matty Cash,2023-2024,Aston Villa,1.0,1.0,2.0,39.57073760580411,166.0,73.86206896551724,8.0,25,DF,20000000
Moussa Diaby,2023-2024,Aston Villa,6.0,7.0,13.0,40.61981184283343,35.0,57.21052631578947,1.0,24,"FW,MF",60500000
Nicolo Zaniolo,2023-2024,Aston Villa,1.0,0.0,1.0,36.89284390063033,44.0,33.56,7.0,24,"FW,MF",30000000
Ollie Watkins,2023-2024,Aston Villa,18.0,12.0,30.0,43.81675098369871,62.0,86.94594594594595,4.0,27,FW,24500000
Pau Torres,2023-2024,Aston Villa,1.0,0.0,1.0,40.87893864013267,146.0,84.96551724137932,1.0,26,DF,42000000
Robin Olsen,2023-2024,Aston Villa,0.0,0.0,0.0,0.0,1.0,81.0,0.0,33,GK,1800000
Youri Tielemans,2023-2024,Aston Villa,1.0,5.0,6.0,35.8974358974359,88.0,50.6875,3.0,26,"MF,FW",37500000
Adam Smith,2023-2024,Bournemouth,0.0,1.0,1.0,0.0,148.0,76.78571428571429,6.0,32,DF,2900000
Alex Scott,2023-2024,Bournemouth,1.0,1.0,2.0,20.292747837658016,68.0,44.08695652173913,3.0,19,MF,5500000
Antoine Semenyo,2023-2024,Bournemouth,7.0,2.0,9.0,42.80405888237816,90.0,63.78787878787879,6.0,23,FW,3600000
Chris Mepham,2023-2024,Bournemouth,0.0,1.0,1.0,100.0,62.0,61.7,2.0,25,DF,2200000
Dango Ouattara,2023-2024,Bournemouth,0.0,2.0,2.0,23.19177173191772,120.0,40.96666666666667,3.0,21,"FW,DF",5500000
David Brooks,2023-2024,Bournemouth,0.0,0.0,0.0,38.53923853923854,12.0,21.692307692307693,1.0,26,"FW,MF",5000000
Dominic Solanke,2023-2024,Bournemouth,18.0,2.0,20.0,33.1067044381492,97.0,87.5,3.0,25,FW,7500000
Illia Zabarnyi,2023-2024,Bournemouth,1.0,0.0,1.0,22.727272727272727,288.0,90.0,5.0,20,DF,6000000
Ionut Radu,2023-2024,Bournemouth,0.0,0.0,0.0,0.0,0.0,90.0,0.0,26,GK,2200000
Joe Rothwell,2023-2024,Bournemouth,0.0,0.0,0.0,0.0,16.0,35.09090909090909,0.0,28,MF,3000000
Justin Kluivert,2023-2024,Bournemouth,7.0,1.0,8.0,35.73723670117815,63.0,59.875,5.0,24,"MF,FW",16000000
Lewis Cook,2023-2024,Bournemouth,0.0,3.0,3.0,33.333333333333336,204.0,84.42424242424242,8.0,26,MF,5000000
Lloyd Kelly,2023-2024,Bournemouth,0.0,1.0,1.0,26.13065326633166,126.0,67.78260869565217,2.0,24,DF,4200000
Luis Sinisterra,2023-2024,Bournemouth,2.0,2.0,4.0,29.587324981577005,53.0,34.95,0.0,24,"FW,MF",20000000
Marcos Senesi,2023-2024,Bournemouth,3.0,4.0,7.0,30.733590733590734,249.0,72.3225806451613,13.0,26,DF,8000000
Marcus Tavernier,2023-2024,Bournemouth,3.0,4.0,7.0,30.219364599092284,112.0,70.6,3.0,24,FW,8000000
Max Aarons,2023-2024,Bournemouth,0.0,0.0,0.0,0.0,73.0,61.85,1.0,23,DF,4300000
Milos Kerkez,2023-2024,Bournemouth,0.0,1.0,1.0,31.51969981238274,158.0,70.35714285714286,7.0,19,DF,11500000
Neto,2023-2024,Bournemouth,0.0,0.0,0.0,0.0,24.94,81.41269841269842,8.91,34,GK,4600000
Philip Billing,2023-2024,Bournemouth,2.0,2.0,4.0,26.938502673796798,112.0,48.206896551724135,6.0,27,MF,12000000
Ryan Christie,2023-2024,Bournemouth,0.0,4.0,4.0,30.074487895716945,243.0,78.56756756756756,6.0,28,MF,4200000
Aaron Hickey,2023-2024,Brentford,0.0,0.0,0.0,14.820143884892088,36.0,79.22222222222223,5.0,21,DF,11500000
Ben Mee,2023-2024,Brentford,1.0,0.0,1.0,19.68031968031968,123.0,79.5,4.0,33,DF,8500000
Bryan Mbeumo,2023-2024,Brentford,8.0,6.0,14.0,31.73115277223773,61.0,78.4,2.0,23,FW,19000000
Christian Nørgaard,2023-2024,Brentford,1.0,1.0,2.0,19.840137025406797,233.0,80.80645161290323,8.0,29,MF,9000000
Ethan Pinnock,2023-2024,Brentford,1.0,0.0,1.0,20.58823529411765,288.0,86.93103448275862,1.0,30,DF,14500000
Frank Onyeka,2023-2024,Brentford,1.0,2.0,3.0,40.93381686310064,92.0,44.65384615384615,8.0,25,MF,3800000
Keane Lewis-Potter,2023-2024,Brentford,3.0,0.0,3.0,46.468401486988846,57.0,48.03333333333333,0.0,22,"FW,DF",5500000
Kevin Schade,2023-2024,Brentford,2.0,1.0,3.0,50.06257822277848,10.0,30.272727272727277,0.0,21,"FW,MF",5500000
Kristoffer Ajer,2023-2024,Brentford,2.0,1.0,3.0,33.887043189368775,168.0,65.42857142857143,5.0,25,DF,7500000
Mads Roerslev,2023-2024,Brentford,1.0,1.0,2.0,15.7001414427157,153.0,58.38235294117647,1.0,24,DF,2500000
Mark Flekken,2023-2024,Brentford,0.0,1.0,1.0,0.0,19.0,88.78378378378379,3.0,30,GK,20500000
Mathias Jensen,2023-2024,Brentford,2.0,2.0,4.0,50.85959885386819,143.0,68.875,5.0,27,MF,8000000
Mathias Jørgensen,2023-2024,Brentford,0.0,0.0,0.0,25.782227784730917,78.0,77.64285714285714,4.0,33,DF,2000000
Mikkel Damsgaard,2023-2024,Brentford,0.0,1.0,1.0,44.78935698447894,73.0,36.60869565217392,2.0,23,MF,15000000
Nathan Collins,2023-2024,Brentford,0.0,0.0,0.0,20.638085742771683,269.0,82.875,3.0,22,DF,14000000
Neal Maupay,2023-2024,Brentford,6.0,3.0,9.0,37.68405290741203,28.120000000000005,46.193548387096776,8.65,26,FW,5000000
Rico Henry,2023-2024,Brentford,0.0,0.0,0.0,0.0,25.0,80.2,1.0,26,DF,15500000
Saman Ghoddos,2023-2024,Brentford,0.0,0.0,0.0,21.840354767184035,54.0,38.89473684210526,5.0,29,DF,1200000
Sergio Reguilon,2023-2024,Brentford,0.0,5.0,5.0,7.619047619047619,171.37,61.2,9.59,26,DF,17000000
Shandon Baptiste,2023-2024,Brentford,0.0,0.0,0.0,100.0,18.0,22.9,1.0,25,MF,2100000
Vitaly Janelt,2023-2024,Brentford,1.0,3.0,4.0,33.87250237868697,198.0,80.36842105263158,8.0,25,"MF,DF",9500000
Yehor Yarmoliuk,2023-2024,Brentford,0.0,0.0,0.0,45.15539305301645,45.0,25.48148148148148,2.0,19,MF,1700000
Yoane Wissa,2023-2024,Brentford,11.0,3.0,14.0,35.95405042518276,76.0,73.32352941176471,7.0,26,FW,11500000
Adam Lallana,2023-2024,Brighton,0.0,1.0,1.0,18.07339449541284,14.0,34.0,2.0,35,"MF,FW",3100000
Adam Webster,2023-2024,Brighton,0.0,0.0,0.0,0.0,89.0,76.26666666666667,2.0,28,DF,13500000
Ansu Fati,2023-2024,Brighton,2.0,0.0,2.0,42.31036882393877,20.97,25.954545454545453,2.21,20,"MF,FW",31000000
Bart Verbruggen,2023-2024,Brighton,0.0,0.0,0.0,0.0,12.0,90.0,3.0,20,GK,10500000
Billy Gilmour,2023-2024,Brighton,0.0,0.0,0.0,19.82414068745004,74.0,70.66666666666667,11.0,22,MF,5000000
Carlos Baleba,2023-2024,Brighton,0.0,0.0,0.0,23.79654859218892,128.86,47.793103448275865,7.33,19,MF,3300000
Danny Welbeck,2023-2024,Brighton,5.0,0.0,5.0,38.99463152757443,73.0,58.37931034482759,4.0,32,"FW,MF",6000000
Evan Ferguson,2023-2024,Brighton,6.0,0.0,6.0,60.82474226804124,34.0,50.629629629629626,1.0,18,FW,10000000
Facundo Buonanotte,2023-2024,Brighton,3.0,1.0,4.0,38.144817794604826,77.0,50.51851851851852,7.0,18,"FW,MF",3200000
Igor,2023-2024,Brighton,0.0,0.0,0.0,0.0,113.0,68.20833333333333,4.0,25,DF,10000000
Jack Hinshelwood,2023-2024,Brighton,3.0,0.0,3.0,57.25462304409673,52.0,72.41666666666667,1.0,18,DF,600000
Jakub Moder,2023-2024,Brighton,0.0,0.0,0.0,27.536231884057973,41.0,36.35294117647059,2.0,24,"MF,DF",6500000
James Milner,2023-2024,Brighton,0.0,1.0,1.0,20.641282565130258,53.0,51.53333333333333,3.0,37,"DF,MF",3300000
Jan Paul van Hecke,2023-2024,Brighton,0.0,0.0,0.0,40.360240160106734,202.0,84.60714285714286,4.0,23,DF,3500000
Jason Steele,2023-2024,Brighton,0.0,0.0,0.0,0.0,8.0,90.0,0.0,32,GK,925000
Joao Pedro,2023-2024,Brighton,10.0,3.0,13.0,28.574838863690623,101.85,55.75,2.4,21,"FW,MF",7000000
Joel Veltman,2023-2024,Brighton,1.0,1.0,2.0,60.64908722109534,146.0,58.81481481481482,4.0,31,DF,10000000
Julio Enciso,2023-2024,Brighton,0.0,2.0,2.0,28.642501776830137,20.0,39.583333333333336,2.0,19,"MF,FW",3800000
Kaoru Mitoma,2023-2024,Brighton,2.0,3.0,5.0,44.18946749043836,45.0,78.21052631578948,4.0,26,FW,25000000
Lewis Dunk,2023-2024,Brighton,2.0,0.0,2.0,36.52802893309222,197.0,86.93939393939394,10.0,31,DF,17500000
Mahmoud Dahoud,2023-2024,Brighton,0.0,1.0,1.0,16.81614349775785,28.5,30.863636363636363,6.0,27,MF,15000000
Pascal Groß,2023-2024,Brighton,4.0,10.0,14.0,33.327158206743235,165.0,86.5,6.0,32,"MF,DF",11000000
Pervis Estupinan,2023-2024,Brighton,1.0,3.0,4.0,53.71376811594203,81.0,65.42105263157895,4.0,25,DF,24500000
Simon Adingra,2023-2024,Brighton,5.0,0.0,5.0,42.17191097467384,117.0,71.6774193548387,3.0,21,FW,7000000
Solly March,2023-2024,Brighton,3.0,0.0,3.0,42.714996446339725,43.0,79.14285714285714,1.0,29,"FW,DF",17500000
Tariq Lamptey,2023-2024,Brighton,0.0,3.0,3.0,0.0,40.0,48.10526315789474,3.0,22,"DF,FW",8000000
Aaron Ramsey,2023-2024,Burnley,0.0,0.0,0.0,33.388704318936874,39.0,37.642857142857146,1.0,20,"MF,FW",3800000
Ameen Al-Dakhil,2023-2024,Burnley,1.0,0.0,1.0,38.19095477386934,75.0,81.23076923076923,1.0,21,DF,4900000
Arijanet Muric,2023-2024,Burnley,0.0,0.0,0.0,0.0,11.0,90.0,0.0,24,GK,9500000
Charlie Taylor,2023-2024,Burnley,1.0,1.0,2.0,10.297029702970296,159.0,83.25,8.0,29,DF,2500000
Connor Roberts,2023-2024,Burnley,0.0,1.0,1.0,0.0,49.0,58.785714285714285,8.0,27,DF,6000000
Dara O'Shea,2023-2024,Burnley,2.0,3.0,5.0,27.13833157338965,273.0,87.63636363636364,8.0,24,DF,3400000
Hannes Delcroix,2023-2024,Burnley,0.0,0.0,0.0,50.86848635235731,54.83,45.84615384615385,2.03,24,DF,3200000
Hjalmar Ekdal,2023-2024,Burnley,0.0,0.0,0.0,51.24378109452737,41.0,54.625,2.0,24,DF,4400000
Jacob Bruun Larsen,2023-2024,Burnley,5.0,0.0,5.0,32.582965885356224,55.0,39.03125,1.0,24,"MF,FW",4700000
James Trafford,2023-2024,Burnley,0.0,0.0,0.0,0.0,21.0,90.0,2.0,20,GK,4000000
Jay Rodriguez,2023-2024,Burnley,2.0,1.0,3.0,33.49259436215958,34.0,39.142857142857146,0.0,34,FW,1900000
Johann Berg Guðmundsson,2023-2024,Burnley,1.0,3.0,4.0,39.812332439678286,59.0,45.84615384615385,2.0,32,"MF,FW",2400000
Jordan Beyer,2023-2024,Burnley,0.0,0.0,0.0,0.0,141.0,82.26666666666667,6.0,23,DF,10500000
Josh Brownhill,2023-2024,Burnley,4.0,2.0,6.0,39.285714285714285,168.0,68.24242424242425,7.0,27,MF,6500000
Josh Cullen,2023-2024,Burnley,2.0,2.0,4.0,31.441048034934493,114.0,82.28,9.0,27,MF,8000000
Luca Koleosho,2023-2024,Burnley,0.0,0.0,0.0,21.60869565217391,22.0,64.93333333333334,0.0,18,"MF,FW",2600000
Lyle Foster,2023-2024,Burnley,5.0,2.0,7.0,47.21813364733588,69.0,79.125,3.0,22,"FW,MF",3200000
Mike Tresor,2023-2024,Burnley,0.0,0.0,0.0,0.0,21.71,29.944444444444443,0.0,24,"FW,MF",20000000
Sander Berge,2023-2024,Burnley,1.0,2.0,3.0,12.015968063872254,208.0,81.21621621621621,13.0,25,MF,8000000
Vitinho,2023-2024,Burnley,0.0,2.0,2.0,16.5,174.14,61.84615384615385,1.04,24,"DF,MF",3600000
Wilson Odobert,2023-2024,Burnley,3.0,2.0,5.0,28.57142857142857,63.0,72.34482758620689,3.0,18,"MF,FW",2800000
Zeki Amdouni,2023-2024,Burnley,4.0,1.0,5.0,43.8907422852377,69.0,57.44117647058823,2.0,22,FW,9500000
Armando Broja,2023-2024,Chelsea,1.0,0.0,1.0,15.503875968992247,13.2,25.80952380952381,0.0,21,FW,12500000
Axel Disasi,2023-2024,Chelsea,2.0,0.0,2.0,25.015556938394525,179.0,83.19354838709677,6.0,25,DF,23000000
Ben Chilwell,2023-2024,Chelsea,0.0,1.0,1.0,33.55537052456287,49.0,58.15384615384615,5.0,26,DF,31000000
Benoit Badiashile,2023-2024,Chelsea,0.0,1.0,1.0,17.449664429530202,126.0,74.33333333333333,3.0,22,DF,26500000
Carney Chukwuemeka,2023-2024,Chelsea,1.0,1.0,2.0,66.66666666666666,8.0,25.22222222222222,2.0,19,"MF,FW",1800000
Christopher Nkunku,2023-2024,Chelsea,2.0,0.0,2.0,43.71859296482412,15.0,40.27272727272727,0.0,25,"FW,MF",86500000
Cole Palmer,2023-2024,Chelsea,22.0,11.0,33.0,37.10159362549801,76.25999999999999,77.0,7.02,21,"FW,MF",2500000
Conor Gallagher,2023-2024,Chelsea,4.0,6.0,10.0,35.50603915035402,212.0,84.54054054054055,12.0,23,MF,21000000
Enzo Fernandez,2023-2024,Chelsea,2.0,1.0,3.0,28.969669937555757,131.0,78.89285714285714,7.0,22,MF,58000000
Lesley Ugochukwu,2023-2024,Chelsea,0.0,0.0,0.0,0.0,26.0,25.08333333333333,2.0,19,MF,6500000
Levi Colwill,2023-2024,Chelsea,1.0,1.0,2.0,27.27272727272727,168.0,78.1304347826087,2.0,20,DF,8500000
Malo Gusto,2023-2024,Chelsea,0.0,6.0,6.0,33.75499334221039,143.0,64.85185185185185,10.0,20,DF,15500000
Marc Cucurella,2023-2024,Chelsea,0.0,1.0,1.0,50.0,168.0,84.85714285714286,10.0,25,DF,23500000
Moises Caicedo,2023-2024,Chelsea,0.0,2.0,2.0,31.67177914110429,231.0,81.88571428571429,11.0,21,MF,29500000
Mykhailo Mudryk,2023-2024,Chelsea,5.0,1.0,6.0,34.51428571428571,53.0,50.83870967741935,5.0,22,FW,12500000
Nicolas Jackson,2023-2024,Chelsea,14.0,4.0,18.0,47.466533216564486,62.0,79.97142857142858,10.0,22,FW,29000000
Noni Madueke,2023-2024,Chelsea,5.0,1.0,6.0,38.87096774193549,45.0,45.78260869565217,2.0,21,FW,23500000
Raheem Sterling,2023-2024,Chelsea,7.0,3.0,10.0,41.3793103448276,56.0,63.80645161290322,7.0,28,"FW,MF",36500000
Reece James,2023-2024,Chelsea,0.0,2.0,2.0,14.042553191489365,28.0,41.9,8.0,23,DF,50500000
Robert Sanchez,2023-2024,Chelsea,0.0,0.0,0.0,0.0,11.0,89.5625,2.0,25,GK,18000000
Thiago Silva,2023-2024,Chelsea,3.0,1.0,4.0,27.971530249110323,241.0,81.51612903225806,4.0,38,DF,7500000
Trevoh Chalobah,2023-2024,Chelsea,0.0,0.0,0.0,100.0,83.0,73.23076923076923,1.0,24,DF,14500000
Đorđe Petrovic,2023-2024,Chelsea,0.0,0.0,0.0,0.0,23.95,88.15555555555555,3.99,23,GK,7000000
Cheick Doucoure,2023-2024,Crystal Palace,0.0,0.0,0.0,33.887043189368775,79.0,83.54545454545455,2.0,23,MF,19500000
Chris Richards,2023-2024,Crystal Palace,0.0,0.0,0.0,27.671232876712327,214.0,80.53846153846153,3.0,23,"DF,MF",6000000
Dean Henderson,2023-2024,Crystal Palace,0.0,0.0,0.0,0.0,9.0,90.0,2.0,26,GK,17500000
Eberechi Eze,2023-2024,Crystal Palace,10.0,4.0,14.0,40.39095907147221,79.0,76.11111111111111,3.0,25,"MF,FW",26000000
Jairo Riedewald,2023-2024,Crystal Palace,0.0,0.0,0.0,0.0,13.0,26.11111111111111,0.0,26,"MF,FW",4400000
Jean-Philippe Mateta,2023-2024,Crystal Palace,16.0,5.0,21.0,56.90045248868778,53.0,65.2,3.0,26,FW,7000000
Jefferson Lerma,2023-2024,Crystal Palace,1.0,1.0,2.0,26.7767620171041,181.0,85.71428571428571,8.0,28,"MF,DF",9500000
Jeffrey Schlupp,2023-2024,Crystal Palace,1.0,1.0,2.0,57.93650793650794,83.0,46.62068965517241,1.0,30,"FW,MF",6500000
Joachim Andersen,2023-2024,Crystal Palace,1.0,3.0,4.0,38.17745803357314,337.0,89.86842105263158,7.0,27,DF,15000000
Joel Ward,2023-2024,Crystal Palace,0.0,1.0,1.0,0.0,170.0,76.15384615384616,4.0,33,DF,2200000
Jordan Ayew,2023-2024,Crystal Palace,3.0,7.0,10.0,39.40968613593848,139.0,72.65714285714286,12.0,31,"FW,MF",3500000
Marc Guehi,2023-2024,Crystal Palace,0.0,0.0,0.0,0.0,157.0,80.84,2.0,23,DF,26500000
Matheus Franca,2023-2024,Crystal Palace,0.0,1.0,1.0,25.18610421836228,9.0,23.2,1.0,19,"MF,FW",3100000
Michael Olise,2023-2024,Crystal Palace,10.0,5.0,15.0,35.69263683366019,60.0,67.10526315789474,0.0,21,"FW,MF",22500000
Naouirou Ahamada,2023-2024,Crystal Palace,0.0,0.0,0.0,22.43093922651933,22.0,17.45,7.0,21,"MF,FW",3600000
Nathaniel Clyne,2023-2024,Crystal Palace,0.0,0.0,0.0,0.0,85.0,70.42105263157895,0.0,32,DF,2900000
Odsonne Edouard,2023-2024,Crystal Palace,7.0,0.0,7.0,37.28448275862069,66.0,51.833333333333336,4.0,25,"FW,MF",7500000
Sam Johnstone,2023-2024,Crystal Palace,0.0,0.0,0.0,0.0,7.0,89.8,1.0,30,GK,5000000
Tyrick Mitchell,2023-2024,Crystal Palace,2.0,2.0,4.0,32.396694214876035,298.0,86.5945945945946,6.0,23,"DF,MF",10500000
Will Hughes,2023-2024,Crystal Palace,0.0,1.0,1.0,36.84210526315789,143.0,63.03333333333333,6.0,28,MF,4200000
Abdoulaye Doucoure,2023-2024,Everton,7.0,0.0,7.0,44.71389066156137,100.0,82.15625,7.0,30,"FW,MF",10000000
Amadou Onana,2023-2024,Everton,2.0,0.0,2.0,20.79310344827586,148.0,69.7,5.0,21,MF,14500000
Andre Gomes,2023-2024,Everton,1.0,0.0,1.0,50.06289308176101,24.0,42.333333333333336,4.0,30,"MF,FW",9000000
Arnaut Danjuma,2023-2024,Everton,0.0,0.0,0.0,35.99198396793587,13.0,42.5,0.0,26,"MF,FW",31000000
Ashley Young,2023-2024,Everton,0.0,0.0,0.0,15.658914728682168,149.0,73.54838709677419,10.0,38,"DF,MF",1700000
Ben Godfrey,2023-2024,Everton,0.0,0.0,0.0,19.866666666666667,117.0,74.66666666666667,2.0,25,DF,6000000
Beto,2023-2024,Everton,3.0,0.0,3.0,28.722934158197084,43.03,33.064516129032256,2.15,25,FW,33000000
Dominic Calvert-Lewin,2023-2024,Everton,6.0,1.0,7.0,39.46365561044461,69.0,67.84375,2.0,26,FW,14000000
Dwight McNeil,2023-2024,Everton,2.0,6.0,8.0,24.850404787046813,147.0,82.62857142857143,2.0,23,"MF,FW",11500000
Idrissa Gana Gueye,2023-2024,Everton,3.0,0.0,3.0,26.62037037037037,141.0,75.36,8.0,33,MF,5000000
Jack Harrison,2023-2024,Everton,2.0,2.0,4.0,26.804123711340207,98.0,76.34482758620689,1.0,26,"MF,FW",9000000
James Garner,2023-2024,Everton,1.0,2.0,3.0,24.391431353456667,220.0,81.1891891891892,7.0,22,MF,5000000
James Tarkowski,2023-2024,Everton,1.0,1.0,2.0,16.666666666666664,390.0,89.97368421052632,11.0,30,DF,14500000
Jarrad Branthwaite,2023-2024,Everton,3.0,0.0,3.0,29.98554913294798,330.0,89.02857142857142,8.0,21,DF,5500000
Jordan Pickford,2023-2024,Everton,0.0,0.0,0.0,0.0,23.0,90.0,5.0,29,GK,25000000
Lewis Dobbin,2023-2024,Everton,1.0,0.0,1.0,40.27777777777777,15.0,19.33333333333333,1.0,20,MF,1100000
Michael Keane,2023-2024,Everton,1.0,0.0,1.0,66.66666666666666,35.0,48.77777777777778,2.0,30,DF,8500000
Nathan Patterson,2023-2024,Everton,0.0,2.0,2.0,0.0,90.0,50.25,4.0,21,DF,5000000
Seamus Coleman,2023-2024,Everton,0.0,0.0,0.0,0.0,62.0,55.41666666666666,0.0,34,DF,2100000
Vitaliy Mykolenko,2023-2024,Everton,1.0,0.0,1.0,18.93968497887053,233.0,88.17857142857143,1.0,24,DF,7500000
Youssef Chermiti,2023-2024,Everton,0.0,0.0,0.0,28.69440459110473,10.0,11.555555555555555,3.0,19,FW,5000000
Adama Traore,2023-2024,Fulham,2.0,3.0,5.0,63.43891402714932,9.0,22.176470588235293,2.0,27,"FW,MF",8000000
Alex Iwobi,2023-2024,Fulham,5.0,2.0,7.0,35.4066985645933,72.46000000000001,72.875,2.13,27,"FW,MF",8000000
Andreas Pereira,2023-2024,Fulham,2.0,6.0,8.0,30.726256983240223,57.0,70.62162162162163,6.0,27,MF,12000000
Antonee Robinson,2023-2024,Fulham,0.0,6.0,6.0,43.20601127113338,346.0,88.24324324324324,6.0,25,DF,8000000
Bernd Leno,2023-2024,Fulham,0.0,0.0,0.0,0.0,14.0,90.0,3.0,31,GK,13500000
Bobby De Cordova-Reid,2023-2024,Fulham,6.0,2.0,8.0,24.40944881889764,65.0,43.121212121212125,4.0,30,FW,7000000
Calvin Bassey,2023-2024,Fulham,1.0,0.0,1.0,19.921875,193.0,79.41379310344827,9.0,23,DF,8500000
Carlos Vinicius,2023-2024,Fulham,2.0,0.0,2.0,55.6420233463035,11.43,19.608695652173918,2.86,28,FW,6000000
Harrison Reed,2023-2024,Fulham,0.0,2.0,2.0,22.965440356744704,83.0,49.07407407407408,6.0,28,MF,7000000
Harry Wilson,2023-2024,Fulham,3.0,5.0,8.0,32.432432432432435,70.0,46.285714285714285,6.0,26,FW,6500000
Issa Diop,2023-2024,Fulham,0.0,0.0,0.0,18.77470355731225,155.0,79.11111111111111,7.0,26,DF,16500000
Joao Palhinha,2023-2024,Fulham,3.0,0.0,3.0,31.333333333333336,313.0,81.78787878787878,13.0,28,MF,37000000
Kenny Tete,2023-2024,Fulham,0.0,0.0,0.0,23.82133995037221,88.0,61.92857142857143,2.0,27,DF,8000000
Raul Jimenez,2023-2024,Fulham,6.0,0.0,6.0,41.50438169425512,46.0,58.125,6.0,32,FW,6000000
Rodrigo Muniz,2023-2024,Fulham,9.0,1.0,10.0,35.68294020844761,42.0,61.26923076923077,1.0,22,FW,3200000
Sasa Lukic,2023-2024,Fulham,1.0,0.0,1.0,23.07692307692308,86.0,46.75,3.0,26,MF,12500000
Tim Ream,2023-2024,Fulham,1.0,0.0,1.0,100.0,129.0,83.5,7.0,35,DF,800000
Timothy Castagne,2023-2024,Fulham,0.0,2.0,2.0,29.16073968705547,194.0,77.47058823529412,3.0,27,DF,11000000
Tom Cairney,2023-2024,Fulham,0.0,3.0,3.0,46.588235294117645,59.0,43.76470588235294,3.0,32,MF,3300000
Willian,2023-2024,Fulham,4.0,2.0,6.0,37.03875609190067,52.0,66.2258064516129,1.0,34,FW,4900000
Alexis Mac Allister,2023-2024,Liverpool,4.0,4.0,8.0,18.787738039944266,224.0,78.75757575757575,10.0,24,MF,39500000
Alisson,2023-2024,Liverpool,0.0,0.0,0.0,0.0,11.0,90.0,1.0,30,GK,77500000
Andrew Robertson,2023-2024,Liverpool,3.0,2.0,5.0,50.041562759767245,108.0,73.6086956521739,2.0,29,DF,59500000
Caoimhin Kelleher,2023-2024,Liverpool,0.0,0.0,0.0,0.0,4.0,90.0,0.0,24,GK,5000000
Cody Gakpo,2023-2024,Liverpool,8.0,4.0,12.0,36.38433515482696,69.0,47.114285714285714,1.0,24,"FW,MF",55500000
Conor Bradley,2023-2024,Liverpool,1.0,3.0,4.0,33.55537052456287,74.0,68.45454545454545,2.0,20,DF,3200000
Curtis Jones,2023-2024,Liverpool,1.0,1.0,2.0,26.53061224489796,64.0,50.73913043478261,6.0,22,MF,17000000
Darwin Nunez,2023-2024,Liverpool,10.0,7.0,17.0,42.97497422438842,52.0,56.86111111111112,9.0,24,FW,48500000
Diogo Jota,2023-2024,Liverpool,10.0,3.0,13.0,46.270481780386405,43.0,54.523809523809526,6.0,26,FW,67500000
Dominik Szoboszlai,2023-2024,Liverpool,3.0,2.0,5.0,24.908546724309943,100.0,63.75757575757576,1.0,22,MF,44500000
Harvey Elliott,2023-2024,Liverpool,3.0,6.0,9.0,32.82208588957056,67.0,39.76470588235294,2.0,20,"MF,FW",23000000
Ibrahima Konate,2023-2024,Liverpool,0.0,0.0,0.0,17.422867513611614,125.0,71.54545454545455,8.0,24,DF,37000000
Jarell Quansah,2023-2024,Liverpool,1.0,0.0,1.0,66.66666666666666,97.0,70.0,1.0,20,DF,900000
Joe Gomez,2023-2024,Liverpool,0.0,0.0,0.0,10.415570752235665,142.0,55.8125,5.0,26,DF,23000000
Joel Matip,2023-2024,Liverpool,0.0,0.0,0.0,0.0,80.0,78.1,2.0,31,DF,14500000
Luis Diaz,2023-2024,Liverpool,8.0,5.0,13.0,34.162172957859,64.98,63.72727272727273,3.2,26,FW,49500000
Mohamed Salah,2023-2024,Liverpool,18.0,10.0,28.0,43.94363568495708,39.0,79.1875,2.0,31,FW,85500000
Ryan Gravenberch,2023-2024,Liverpool,1.0,0.0,1.0,34.57743457743458,71.57000000000001,41.888888888888886,0.0,21,MF,39500000
Trent Alexander-Arnold,2023-2024,Liverpool,3.0,4.0,7.0,16.84457728437233,140.0,76.96428571428571,6.0,24,DF,81000000
Virgil van Dijk,2023-2024,Liverpool,2.0,2.0,4.0,31.496765558777607,270.0,88.25,6.0,32,DF,70500000
Wataru Endo,2023-2024,Liverpool,0.0,0.0,0.0,30.81570996978852,123.0,59.37931034482759,10.0,30,MF,20000000
Albert Sambi Lokonga,2023-2024,Luton Town,1.0,3.0,4.0,25.438596491228065,77.0,76.6470588235294,4.0,23,MF,6000000
Alfie Doughty,2023-2024,Luton Town,1.0,8.0,9.0,31.23076923076923,188.0,79.05405405405405,5.0,23,DF,3500000
Amari'i Bell,2023-2024,Luton Town,0.0,0.0,0.0,100.0,168.0,81.9047619047619,0.0,29,DF,1600000
Carlton Morris,2023-2024,Luton Town,11.0,4.0,15.0,39.43150892047173,93.0,75.3157894736842,4.0,27,"FW,MF",2500000
Cauley Woodrow,2023-2024,Luton Town,0.0,0.0,0.0,24.93686868686869,38.0,17.791666666666668,2.0,28,"FW,MF",1400000
Chiedozie Ogbene,2023-2024,Luton Town,4.0,1.0,5.0,39.88027366020525,72.0,66.5,1.0,26,"MF,DF",2000000
Elijah Adebayo,2023-2024,Luton Town,9.0,0.0,9.0,45.16543527144234,48.0,52.55555555555556,1.0,25,FW,3500000
Gabriel Osho,2023-2024,Luton Town,2.0,0.0,2.0,20.41832669322709,201.0,87.9047619047619,3.0,24,DF,3000000
Issa Kabore,2023-2024,Luton Town,0.0,1.0,1.0,16.134453781512605,146.0,72.04166666666667,7.0,22,DF,6500000
Jacob Brown,2023-2024,Luton Town,2.0,0.0,2.0,23.04732589457484,69.0,53.63157894736842,4.0,25,"MF,FW",1900000
Jordan Clark,2023-2024,Luton Town,1.0,1.0,2.0,23.938679245283016,80.0,56.69565217391305,4.0,29,MF,1800000
Luke Berry,2023-2024,Luton Town,2.0,1.0,3.0,49.81320049813201,16.0,19.0,1.0,31,"MF,DF",1200000
Mads Juel Andersen,2023-2024,Luton Town,1.0,0.0,1.0,33.77926421404682,52.0,50.0,1.0,25,DF,2200000
Marvelous Nakamba,2023-2024,Luton Town,0.0,0.0,0.0,0.0,85.0,86.92307692307692,5.0,29,MF,3600000
Reece Burke,2023-2024,Luton Town,0.0,4.0,4.0,22.82608695652174,158.0,75.45454545454545,5.0,26,DF,1800000
Ross Barkley,2023-2024,Luton Town,4.0,4.0,8.0,28.64062973054799,148.0,81.8125,6.0,29,MF,4100000
Ryan Giles,2023-2024,Luton Town,0.0,0.0,0.0,100.0,36.0,45.72727272727273,0.0,23,"DF,MF",6000000
Tahith Chong,2023-2024,Luton Town,3.0,0.0,3.0,22.69503546099291,85.0,60.06060606060606,4.0,23,"MF,FW",2800000
Teden Mengi,2023-2024,Luton Town,1.0,0.0,1.0,37.5,290.0,82.3,3.0,21,DF,2100000
Thomas Kaminski,2023-2024,Luton Town,0.0,0.0,0.0,0.0,17.0,89.60526315789474,3.0,30,GK,2300000
Bernardo Silva,2023-2024,Manchester City,6.0,8.0,14.0,43.696738172201,115.0,78.12121212121212,8.0,28,"MF,FW",91500000
Erling Haaland,2023-2024,Manchester City,26.0,5.0,31.0,44.10518884574656,35.0,82.3225806451613,1.0,23,FW,185000000
Jack Grealish,2023-2024,Manchester City,3.0,1.0,4.0,22.96127562642369,37.0,50.45,6.0,27,"FW,MF",57500000
Jeremy Doku,2023-2024,Manchester City,3.0,8.0,11.0,34.51100870455709,71.54,55.03225806451613,3.2,21,"FW,MF",23500000
John Stones,2023-2024,Manchester City,0.0,0.0,0.0,50.12468827930174,44.0,66.5,2.0,29,"DF,MF",49500000
Josko Gvardiol,2023-2024,Manchester City,3.0,1.0,4.0,40.3175591531756,155.0,83.14285714285714,3.0,21,DF,44500000
Julian Alvarez,2023-2024,Manchester City,10.0,7.0,17.0,38.64774624373956,70.0,73.52777777777777,2.0,23,"MF,FW",33500000
Kevin De Bruyne,2023-2024,Manchester City,3.0,10.0,13.0,38.58374943259192,27.0,67.83333333333333,2.0,32,MF,103000000
Kyle Walker,2023-2024,Manchester City,0.0,3.0,3.0,19.235588972431074,124.0,86.46875,2.0,33,DF,22000000
Manuel Akanji,2023-2024,Manchester City,1.0,0.0,1.0,33.31121433311214,163.0,83.7,7.0,28,"DF,MF",30500000
Mateo Kovacic,2023-2024,Manchester City,1.0,0.0,1.0,22.661217075386013,79.0,51.7,4.0,29,MF,29500000
Matheus Nunes,2023-2024,Manchester City,0.0,2.0,2.0,43.88111888111888,33.12,44.21052631578947,0.0,24,MF,26500000
Nathan Ake,2023-2024,Manchester City,2.0,2.0,4.0,24.974974974974977,111.0,70.41379310344827,0.0,28,DF,24500000
Oscar Bobb,2023-2024,Manchester City,1.0,1.0,2.0,25.185185185185187,17.0,21.571428571428573,0.0,20,"FW,MF",1500000
Phil Foden,2023-2024,Manchester City,19.0,7.0,26.0,45.620890117221,92.0,81.62857142857143,2.0,23,"FW,MF",81500000
Rico Lewis,2023-2024,Manchester City,1.0,0.0,1.0,78.57142857142857,27.0,50.5625,1.0,18,"DF,MF",7000000
Rodri,2023-2024,Manchester City,11.0,12.0,23.0,35.78472139717239,229.64,63.20634920634921,14.95,27,MF,105500000
Ruben Dias,2023-2024,Manchester City,0.0,0.0,0.0,39.98993963782696,178.0,85.3,0.0,26,DF,106500000
Stefan Ortega,2023-2024,Manchester City,0.0,0.0,0.0,0.0,2.0,70.55555555555556,0.0,30,GK,11500000
Ben White,2024-2025,Arsenal,0.0,2.0,2.0,22.12389380530973,90.0,70.47058823529412,2.0,26,DF,42000000
Bukayo Saka,2024-2025,Arsenal,5.0,9.0,14.0,33.42922028766086,62.0,69.16,3.0,22,"FW,MF",121000000
David Raya,2024-2025,Arsenal,0.0,0.0,0.0,0.0,23.0,90.0,3.0,28,GK,54000000
Declan Rice,2024-2025,Arsenal,4.0,6.0,10.0,29.41298917568693,156.0,80.71428571428571,10.0,25,MF,85000000
Ethan Nwaneri,2024-2025,Arsenal,3.0,1.0,4.0,37.76194467728416,25.0,34.42307692307692,1.0,17,"FW,MF",13000000
Gabriel Jesus,2024-2025,Arsenal,2.0,0.0,2.0,35.1217088922007,32.0,35.76470588235294,4.0,27,FW,23000000
Gabriel Magalhaes,2024-2025,Arsenal,2.0,1.0,3.0,22.634676324128566,176.0,84.39285714285714,4.0,26,DF,82500000
Gabriel Martinelli,2024-2025,Arsenal,7.0,4.0,11.0,43.52898286547576,62.0,69.39393939393939,1.0,23,"FW,MF",41500000
Jakub Kiwior,2024-2025,Arsenal,1.0,0.0,1.0,33.33333333333333,99.0,66.0,1.0,24,DF,9500000
Jorginho,2024-2025,Arsenal,0.0,0.0,0.0,0.0,24.0,46.93333333333333,5.0,32,MF,17000000
Jurrien Timber,2024-2025,Arsenal,1.0,2.0,3.0,28.806290207290925,143.0,80.56666666666666,7.0,23,DF,40500000
Kai Havertz,2024-2025,Arsenal,8.0,2.0,10.0,39.76907060382359,78.0,81.52173913043478,5.0,25,"FW,MF",38500000
Kieran Tierney,2024-2025,Arsenal,1.0,0.0,1.0,50.5,19.0,19.923076923076923,0.0,27,"DF,FW",13500000
Leandro Trossard,2024-2025,Arsenal,7.0,7.0,14.0,29.01884700665189,90.0,67.0,7.0,29,FW,35500000
Martin Ødegaard,2024-2025,Arsenal,3.0,8.0,11.0,31.173161075224005,36.0,77.5,4.0,25,MF,99500000
Mikel Merino,2024-2025,Arsenal,7.0,1.0,8.0,34.24513413992635,105.0,56.642857142857146,7.0,28,"MF,FW",42000000
Myles Lewis-Skelly,2024-2025,Arsenal,1.0,0.0,1.0,34.86842105263158,60.0,59.52173913043478,9.0,17,DF,6500000
Oleksandr Zinchenko,2024-2025,Arsenal,0.0,1.0,1.0,0.0,29.0,35.13333333333333,1.0,27,"DF,MF",13500000
Raheem Sterling,2024-2025,Arsenal,0.0,1.0,1.0,0.0,17.0,29.352941176470587,1.0,29,"FW,MF",14000000
Riccardo Calafiori,2024-2025,Arsenal,1.0,0.0,1.0,59.82053838484547,73.0,51.73684210526316,4.0,22,DF,21000000
Thomas Partey,2024-2025,Arsenal,4.0,1.0,5.0,34.53292496171515,202.0,79.91428571428571,4.0,31,"MF,DF",25500000
William Saliba,2024-2025,Arsenal,2.0,0.0,2.0,33.388157894736835,227.0,86.82857142857142,5.0,23,DF,92000000
Amadou Onana,2024-2025,Aston Villa,3.0,0.0,3.0,34.73684210526316,138.0,62.19230769230769,4.0,22,MF,23500000
Andres Garcia,2024-2025,Aston Villa,0.0,0.0,0.0,0.0,23.0,45.42857142857143,0.0,21,"DF,MF",6500000
Axel Disasi,2024-2025,Aston Villa,0.0,0.0,0.0,0.0,60.92,65.6923076923077,3.48,26,DF,11000000
Boubacar Kamara,2024-2025,Aston Villa,0.0,0.0,0.0,30.761523046092183,139.0,66.38461538461539,2.0,24,MF,42500000
Emiliano Martinez,2024-2025,Aston Villa,0.0,0.0,0.0,0.0,21.0,86.32432432432432,8.0,31,GK,36000000
Ezri Konsa,2024-2025,Aston Villa,1.0,0.0,1.0,44.13357400722021,192.0,86.3529411764706,1.0,26,DF,31500000
Ian Maatsen,2024-2025,Aston Villa,1.0,2.0,3.0,26.666666666666668,96.0,39.27586206896552,2.0,22,DF,25000000
Jacob Ramsey,2024-2025,Aston Villa,1.0,3.0,4.0,20.952380952380956,69.0,55.96551724137931,7.0,23,"FW,MF",20000000
John McGinn,2024-2025,Aston Villa,0.0,3.0,3.0,15.874035989717225,87.0,65.38235294117646,7.0,29,"MF,FW",25500000
Lamare Bogarde,2024-2025,Aston Villa,0.0,0.0,0.0,100.0,33.0,59.5,2.0,20,"DF,MF",3000000
Leon Bailey,2024-2025,Aston Villa,1.0,2.0,3.0,21.26825792661204,28.0,47.458333333333336,3.0,26,"FW,MF",23000000
Lucas Digne,2024-2025,Aston Villa,0.0,3.0,3.0,21.99233716475096,202.0,73.46875,4.0,31,DF,18000000
Marco Asensio,2024-2025,Aston Villa,5.0,1.0,6.0,40.9844175117487,34.79,54.44,3.66,28,MF,21000000
Matty Cash,2024-2025,Aston Villa,0.0,0.0,0.0,45.6140350877193,171.0,76.66666666666667,7.0,26,DF,17500000
Morgan Rogers,2024-2025,Aston Villa,7.0,10.0,17.0,36.48427558625705,95.0,84.16216216216216,10.0,22,"FW,MF",37500000
Ollie Watkins,2024-2025,Aston Villa,15.0,8.0,23.0,44.00584795321637,44.0,68.36842105263158,2.0,28,FW,43000000
Pau Torres,2024-2025,Aston Villa,0.0,0.0,0.0,25.06203473945409,122.0,84.16666666666667,2.0,27,DF,24000000
Robin Olsen,2024-2025,Aston Villa,0.0,0.0,0.0,0.0,3.0,56.5,0.0,34,GK,725000
Ross Barkley,2024-2025,Aston Villa,2.0,0.0,2.0,31.017369727047143,38.0,29.05,3.0,30,MF,10000000
Tyrone Mings,2024-2025,Aston Villa,0.0,0.0,0.0,11.08622620380739,88.0,80.0,1.0,31,DF,9500000
Youri Tielemans,2024-2025,Aston Villa,3.0,7.0,10.0,30.265132566283143,192.0,84.05555555555556,4.0,27,MF,38500000
Adam Smith,2024-2025,Bournemouth,0.0,0.0,0.0,0.0,101.0,63.6,7.0,33,DF,1600000
Alex Scott,2024-2025,Bournemouth,0.0,0.0,0.0,40.22606382978724,69.0,37.75,3.0,20,MF,9000000
Antoine Semenyo,2024-2025,Bournemouth,11.0,4.0,15.0,31.906209987195904,172.0,86.56756756756756,9.0,24,FW,24000000
Dango Ouattara,2024-2025,Bournemouth,6.0,4.0,10.0,32.37618970801742,133.0,62.65625,3.0,22,FW,11500000
David Brooks,2024-2025,Bournemouth,2.0,0.0,2.0,48.28274760383386,46.0,33.10344827586207,3.0,27,"FW,MF",6000000
Dean Huijsen,2024-2025,Bournemouth,2.0,1.0,3.0,16.417910447761194,325.0,75.84375,10.0,19,DF,28500000
Enes Unal,2024-2025,Bournemouth,1.0,0.0,1.0,35.03024193548387,8.0,20.294117647058822,2.0,27,"FW,MF",11500000
Evanilson,2024-2025,Bournemouth,10.0,1.0,11.0,43.01134791032383,49.17999999999999,72.71875,4.0,24,FW,29000000
Illia Zabarnyi,2024-2025,Bournemouth,0.0,1.0,1.0,8.526490066225167,308.0,86.36111111111111,7.0,21,DF,19500000
James Hill,2024-2025,Bournemouth,0.0,1.0,1.0,0.0,60.0,44.8,1.0,22,DF,3000000
Julian Araujo,2024-2025,Bournemouth,0.0,0.0,0.0,0.0,37.0,41.41666666666666,2.0,22,DF,8000000
Justin Kluivert,2024-2025,Bournemouth,11.0,5.0,16.0,40.18264840182648,85.0,68.82352941176471,8.0,25,MF,22000000
Kepa Arrizabalaga,2024-2025,Bournemouth,0.0,0.0,0.0,0.0,18.0,90.0,3.0,29,GK,9500000
Lewis Cook,2024-2025,Bournemouth,0.0,2.0,2.0,28.56115107913669,222.0,82.72222222222223,11.0,27,"MF,DF",18000000
Luis Sinisterra,2024-2025,Bournemouth,0.0,0.0,0.0,46.12403100775194,19.0,19.666666666666668,0.0,25,"FW,MF",7000000
Marcos Senesi,2024-2025,Bournemouth,0.0,0.0,0.0,0.0,127.0,65.05882352941177,5.0,27,DF,14000000
Marcus Tavernier,2024-2025,Bournemouth,3.0,4.0,7.0,29.799929799929803,75.0,66.86206896551724,6.0,25,"FW,MF",12500000
Milos Kerkez,2024-2025,Bournemouth,1.0,4.0,5.0,25.47568710359408,241.0,87.78947368421052,4.0,20,DF,33500000
Ryan Christie,2024-2025,Bournemouth,2.0,3.0,5.0,36.413373860182375,179.0,73.0,9.0,29,MF,12000000
Tyler Adams,2024-2025,Bournemouth,0.0,3.0,3.0,21.92393736017897,190.0,70.17857142857143,7.0,25,MF,16000000
Ben Mee,2024-2025,Brentford,0.0,0.0,0.0,0.0,16.0,26.142857142857142,2.0,34,DF,1800000
Bryan Mbeumo,2024-2025,Brentford,20.0,6.0,26.0,43.27032855511861,144.0,89.84210526315789,3.0,24,FW,39500000
Christian Nørgaard,2024-2025,Brentford,5.0,4.0,9.0,38.39468302658487,250.0,82.91176470588235,11.0,30,MF,12000000
Ethan Pinnock,2024-2025,Brentford,1.0,0.0,1.0,59.54045954045954,230.0,86.95454545454545,2.0,31,DF,7000000
Fabio Carvalho,2024-2025,Brentford,2.0,1.0,3.0,41.77005789909016,24.0,23.94736842105263,1.0,21,"FW,MF",9500000
Keane Lewis-Potter,2024-2025,Brentford,1.0,3.0,4.0,50.61019382627423,174.0,81.39473684210526,7.0,23,"DF,FW",7500000
Kevin Schade,2024-2025,Brentford,10.0,2.0,12.0,49.07407407407408,97.0,60.3421052631579,3.0,22,FW,11500000
Kristoffer Ajer,2024-2025,Brentford,0.0,0.0,0.0,33.92857142857142,105.0,59.91666666666666,5.0,26,DF,6000000
Mark Flekken,2024-2025,Brentford,0.0,1.0,1.0,0.0,32.0,88.51351351351352,1.0,31,GK,7500000
Mathias Jensen,2024-2025,Brentford,0.0,2.0,2.0,15.867768595041325,50.0,35.916666666666664,2.0,28,MF,10500000
Michael Kayode,2024-2025,Brentford,0.0,1.0,1.0,0.0,56.91,38.52941176470589,2.47,20,DF,6500000
Mikkel Damsgaard,2024-2025,Brentford,1.0,10.0,11.0,20.384174311926607,181.0,76.60526315789474,2.0,24,"MF,FW",24000000
Nathan Collins,2024-2025,Brentford,1.0,3.0,4.0,35.55555555555555,377.0,90.0,5.0,23,DF,18000000
Sepp van den Berg,2024-2025,Brentford,0.0,0.0,0.0,30.01493280238925,246.0,83.41935483870968,3.0,22,DF,15500000
Vitaly Janelt,2024-2025,Brentford,1.0,3.0,4.0,28.57142857142857,151.0,70.4375,3.0,26,MF,9000000
Yehor Yarmoliuk,2024-2025,Brentford,0.0,0.0,0.0,21.396895787139687,121.0,46.774193548387096,6.0,20,MF,3000000
Yoane Wissa,2024-2025,Brentford,19.0,3.0,22.0,45.48189415041783,80.0,83.4,5.0,27,FW,23000000
Adam Webster,2024-2025,Brighton,0.0,0.0,0.0,19.603960396039604,87.0,63.35714285714285,1.0,29,DF,4700000
Bart Verbruggen,2024-2025,Brighton,0.0,1.0,1.0,0.0,30.0,90.0,5.0,21,GK,18500000
Brajan Gruda,2024-2025,Brighton,0.0,3.0,3.0,45.88665447897623,31.0,32.714285714285715,0.0,20,"MF,FW",9500000
Carlos Baleba,2024-2025,Brighton,2.0,0.0,2.0,24.82993197278911,216.0,78.26470588235294,11.0,20,MF,32500000
Danny Welbeck,2024-2025,Brighton,10.0,4.0,14.0,39.04713462190573,64.0,70.5,5.0,33,FW,6500000
Evan Ferguson,2024-2025,Brighton,1.0,0.0,1.0,28.507992895204264,17.93,19.142857142857142,0.0,19,FW,6500000
Ferdi Kadioglu,2024-2025,Brighton,1.0,0.0,1.0,24.56479690522244,47.31999999999999,61.125,1.28,24,"DF,MF",26500000
Georginio Rutter,2024-2025,Brighton,4.0,2.0,6.0,23.8961038961039,82.0,59.142857142857146,2.0,22,"MF,FW",22500000
Igor,2024-2025,Brighton,0.0,0.0,0.0,0.0,131.89,67.73076923076923,7.33,26,DF,11500000
Jack Hinshelwood,2024-2025,Brighton,4.0,2.0,6.0,55.654101995565405,90.0,70.84615384615384,5.0,19,"MF,DF",8500000
Jan Paul van Hecke,2024-2025,Brighton,0.0,0.0,0.0,28.8135593220339,248.0,87.0,11.0,24,DF,18000000
Jason Steele,2024-2025,Brighton,0.0,0.0,0.0,0.0,1.0,90.0,0.0,33,GK,1000000
Joao Pedro,2024-2025,Brighton,13.0,8.0,21.0,35.560569246789306,67.37,68.76923076923077,9.61,22,"FW,MF",27500000
Joel Veltman,2024-2025,Brighton,0.0,0.0,0.0,15.537190082644628,150.0,80.80952380952381,5.0,32,DF,9500000
Kaoru Mitoma,2024-2025,Brighton,10.0,4.0,14.0,47.21587914983313,117.0,72.30555555555556,1.0,27,"FW,MF",32500000
Lewis Dunk,2024-2025,Brighton,0.0,0.0,0.0,24.979184013322232,137.0,83.32,5.0,32,DF,7000000
Mats Wieffer,2024-2025,Brighton,1.0,3.0,4.0,43.80530973451327,121.0,40.6,6.0,24,"DF,MF",18500000
Matt O'Riley,2024-2025,Brighton,1.0,1.0,2.0,28.85167464114833,45.0,44.66666666666666,1.0,23,MF,27500000
Pervis Estupinan,2024-2025,Brighton,1.0,1.0,2.0,32.382310984308134,187.0,80.06666666666666,5.0,26,DF,19000000
Simon Adingra,2024-2025,Brighton,1.0,1.0,2.0,24.349667271627347,49.0,37.82758620689656,0.0,22,"FW,MF",15000000
Tariq Lamptey,2024-2025,Brighton,2.0,2.0,4.0,33.38842975206612,62.0,57.333333333333336,0.0,23,DF,3800000
Yankuba Minteh,2024-2025,Brighton,5.0,4.0,9.0,46.98759598346131,112.0,57.4375,6.0,20,"FW,MF",23000000
Yasin Ayari,2024-2025,Brighton,1.0,1.0,2.0,28.9247311827957,129.0,57.794117647058826,3.0,20,MF,5000000
Benoit Badiashile,2024-2025,Chelsea,0.0,0.0,0.0,0.0,29.0,66.8,0.0,23,DF,13500000
Christopher Nkunku,2024-2025,Chelsea,2.0,2.0,4.0,43.83286460425874,38.0,34.111111111111114,2.0,26,FW,33500000
Cole Palmer,2024-2025,Chelsea,14.0,8.0,22.0,36.362134478770855,81.0,86.24324324324324,7.0,22,"MF,FW",111000000
Enzo Fernandez,2024-2025,Chelsea,5.0,6.0,11.0,37.66282801585803,144.0,81.86111111111111,8.0,23,MF,52000000
Filip Jørgensen,2024-2025,Chelsea,0.0,0.0,0.0,0.0,0.0,90.0,0.0,22,GK,14000000
Jadon Sancho,2024-2025,Chelsea,2.0,3.0,5.0,33.626097867001256,34.0,56.903225806451616,2.0,24,FW,33500000
Kiernan Dewsbury-Hall,2024-2025,Chelsea,0.0,0.0,0.0,0.0,21.0,20.307692307692307,0.0,25,"MF,FW",14000000
Levi Colwill,2024-2025,Chelsea,2.0,1.0,3.0,22.44897959183674,235.0,89.97142857142858,9.0,21,DF,24500000
Malo Gusto,2024-2025,Chelsea,0.0,1.0,1.0,17.912488605287148,147.0,58.1875,4.0,21,DF,28500000
Marc Cucurella,2024-2025,Chelsea,4.0,1.0,5.0,45.85774058577407,239.0,83.0,13.0,26,DF,39500000
Moises Caicedo,2024-2025,Chelsea,1.0,1.0,2.0,14.83325037332006,272.0,88.1842105263158,11.0,22,"MF,DF",68000000
Nicolas Jackson,2024-2025,Chelsea,10.0,4.0,14.0,44.8080967402734,55.0,74.0,10.0,23,FW,37500000
Noni Madueke,2024-2025,Chelsea,7.0,2.0,9.0,37.575,63.0,63.53125,3.0,22,FW,27000000
Pedro Neto,2024-2025,Chelsea,4.0,6.0,10.0,28.624724436153976,52.0,64.82857142857142,8.0,24,FW,24000000
Reece James,2024-2025,Chelsea,0.0,0.0,0.0,26.89152233363719,60.0,55.94736842105263,1.0,24,"DF,MF",36500000
Robert Sanchez,2024-2025,Chelsea,0.0,0.0,0.0,0.0,26.0,90.0,5.0,26,GK,12500000
Romeo Lavia,2024-2025,Chelsea,0.0,0.0,0.0,0.0,54.0,49.8125,4.0,20,MF,26000000
Tosin Adarabioyo,2024-2025,Chelsea,0.0,0.0,0.0,15.656178050652342,117.0,64.04545454545455,4.0,26,DF,15500000
Tyrique George,2024-2025,Chelsea,0.0,0.0,0.0,33.108108108108105,6.0,22.875,1.0,18,FW,2600000
Wesley Fofana,2024-2025,Chelsea,0.0,0.0,0.0,0.0,96.0,83.71428571428571,7.0,23,DF,24000000
Adam Wharton,2024-2025,Crystal Palace,0.0,2.0,2.0,38.183217859892224,92.0,65.9,2.0,20,MF,32500000
Ben Chilwell,2024-2025,Crystal Palace,1.0,0.0,1.0,59.8019801980198,35.0,32.375,1.0,27,DF,13500000
Cheick Doucoure,2024-2025,Crystal Palace,0.0,0.0,0.0,0.0,41.0,34.76923076923077,1.0,24,MF,17500000
Chris Richards,2024-2025,Crystal Palace,1.0,0.0,1.0,50.0,227.0,80.08333333333333,7.0,24,DF,9000000
Daichi Kamada,2024-2025,Crystal Palace,0.0,0.0,0.0,19.99000499750125,101.0,46.0,7.0,27,MF,11000000
Daniel Munoz,2024-2025,Crystal Palace,3.0,5.0,8.0,37.85830178474852,315.0,87.24324324324324,10.0,28,DF,19000000
Dean Henderson,2024-2025,Crystal Palace,0.0,0.0,0.0,0.0,24.0,90.0,3.0,27,GK,18000000
Eberechi Eze,2024-2025,Crystal Palace,8.0,8.0,16.0,27.010576731191374,87.0,76.11764705882354,1.0,26,"MF,FW",32000000
Eddie Nketiah,2024-2025,Crystal Palace,2.0,1.0,3.0,37.15415019762846,40.0,35.6551724137931,9.0,25,"FW,MF",5500000
Ismaila Sarr,2024-2025,Crystal Palace,8.0,6.0,14.0,48.983050847457626,98.0,71.34210526315789,4.0,26,MF,11500000
Jean-Philippe Mateta,2024-2025,Crystal Palace,14.0,2.0,16.0,42.865557355323226,62.0,71.56756756756756,2.0,27,FW,24500000
Jefferson Lerma,2024-2025,Crystal Palace,0.0,1.0,1.0,31.08211818879509,195.0,68.9090909090909,9.0,29,"MF,DF",9000000
Justin Devenny,2024-2025,Crystal Palace,1.0,1.0,2.0,60.0802407221665,34.0,22.043478260869566,1.0,20,MF,3100000
Marc Guehi,2024-2025,Crystal Palace,3.0,2.0,5.0,47.72727272727273,307.0,89.97058823529412,12.0,24,DF,31500000
Maxence Lacroix,2024-2025,Crystal Palace,1.0,1.0,2.0,16.079734219269103,377.0,89.02857142857142,5.0,24,DF,24000000
Nathaniel Clyne,2024-2025,Crystal Palace,0.0,0.0,0.0,0.0,33.0,37.15384615384615,1.0,33,"DF,MF",1600000
Trevoh Chalobah,2024-2025,Crystal Palace,5.0,0.0,5.0,36.57339224349533,213.43,78.8,1.86,25,DF,18000000
Tyrick Mitchell,2024-2025,Crystal Palace,0.0,5.0,5.0,25.74750830564784,286.0,83.56756756756756,2.0,24,DF,17000000
Abdoulaye Doucoure,2024-2025,Everton,3.0,2.0,5.0,29.362524146812618,109.0,77.6969696969697,8.0,31,MF,3500000
Armando Broja,2024-2025,Everton,0.0,0.0,0.0,0.0,11.0,33.4,1.0,22,FW,4900000
Ashley Young,2024-2025,Everton,1.0,2.0,3.0,48.258706467661696,161.0,58.59375,10.0,39,DF,925000
Beto,2024-2025,Everton,7.0,0.0,7.0,47.038327526132406,54.0,51.13333333333333,2.0,26,FW,8500000
Dominic Calvert-Lewin,2024-2025,Everton,3.0,1.0,4.0,37.84916201117319,46.0,61.88461538461539,2.0,27,FW,6000000
Dwight McNeil,2024-2025,Everton,3.0,5.0,8.0,40.23265142398717,28.0,65.28571428571429,1.0,24,"MF,FW",19000000
Idrissa Gana Gueye,2024-2025,Everton,0.0,3.0,3.0,18.987341772151897,265.0,82.78378378378379,9.0,34,MF,3600000
Iliman Ndiaye,2024-2025,Everton,8.0,0.0,8.0,43.07692307692307,127.0,73.63636363636364,3.0,24,FW,24000000
Jack Harrison,2024-2025,Everton,0.0,0.0,0.0,23.806252147028516,95.0,61.05882352941177,0.0,27,FW,6000000
Jake O'Brien,2024-2025,Everton,1.0,0.0,1.0,50.08403361344538,140.0,78.55,5.0,23,DF,10000000
James Garner,2024-2025,Everton,0.0,1.0,1.0,33.80398671096346,127.0,75.9047619047619,5.0,23,"MF,DF",8000000
James Tarkowski,2024-2025,Everton,0.0,0.0,0.0,26.08695652173913,375.0,88.54545454545455,6.0,31,DF,14500000
Jarrad Branthwaite,2024-2025,Everton,0.0,1.0,1.0,30.57768924302789,285.0,83.7,4.0,22,DF,33000000
Jesper Lindstrøm,2024-2025,Everton,0.0,0.0,0.0,35.95144591217422,89.0,49.56,2.0,24,FW,7500000
Jordan Pickford,2024-2025,Everton,0.0,1.0,1.0,0.0,32.0,90.0,7.0,30,GK,24000000
Michael Keane,2024-2025,Everton,3.0,0.0,3.0,39.56262425447317,107.0,74.92857142857143,5.0,31,DF,2900000
Nathan Patterson,2024-2025,Everton,0.0,1.0,1.0,0.0,22.0,34.7,1.0,22,DF,2800000
Orel Mangala,2024-2025,Everton,1.0,0.0,1.0,37.70883054892602,72.45,66.4,2.1,26,MF,11500000
Seamus Coleman,2024-2025,Everton,0.0,0.0,0.0,100.0,17.0,43.0,1.0,35,DF,925000
Tim Iroegbunam,2024-2025,Everton,0.0,1.0,1.0,0.0,75.0,31.88888888888889,4.0,21,MF,4000000
Vitaliy Mykolenko,2024-2025,Everton,1.0,2.0,3.0,7.346647646219687,277.0,88.05714285714286,4.0,25,DF,13000000
Adama Traore,2024-2025,Fulham,1.0,7.0,8.0,30.812612150730583,34.0,49.22222222222222,3.0,28,"FW,MF",7500000
Alex Iwobi,2024-2025,Fulham,8.0,5.0,13.0,42.92661361626879,113.0,78.44736842105263,1.0,28,"FW,MF",21000000
Andreas Pereira,2024-2025,Fulham,2.0,4.0,6.0,21.165966386554626,66.0,61.0,7.0,28,MF,10500000
Antonee Robinson,2024-2025,Fulham,0.0,9.0,9.0,13.32070707070707,333.0,87.97222222222223,8.0,26,DF,33000000
Bernd Leno,2024-2025,Fulham,0.0,1.0,1.0,0.0,14.0,90.0,5.0,32,GK,13000000
Calvin Bassey,2024-2025,Fulham,1.0,0.0,1.0,29.243937232524964,232.0,87.82857142857142,7.0,24,DF,17000000
Emile Smith Rowe,2024-2025,Fulham,5.0,2.0,7.0,29.45945945945946,80.0,60.088235294117645,3.0,24,MF,15000000
Harry Wilson,2024-2025,Fulham,5.0,1.0,6.0,39.6415270018622,52.0,46.48,2.0,27,"FW,MF",8000000
Issa Diop,2024-2025,Fulham,0.0,0.0,0.0,38.264299802761336,117.0,63.76190476190476,2.0,27,DF,7500000
Joachim Andersen,2024-2025,Fulham,0.0,0.0,0.0,21.22448979591837,295.96000000000004,89.1,9.3,28,DF,15000000
Jorge Cuenca,2024-2025,Fulham,0.0,0.0,0.0,0.0,38.0,43.875,0.0,24,DF,6000000
Kenny Tete,2024-2025,Fulham,0.0,1.0,1.0,8.198085726175613,186.0,80.63636363636364,5.0,28,DF,12500000
Raul Jimenez,2024-2025,Fulham,11.0,3.0,14.0,32.14784570753197,89.0,65.63157894736842,4.0,33,FW,6500000
Reiss Nelson,2024-2025,Fulham,0.0,0.0,0.0,49.9582985821518,26.0,40.833333333333336,1.0,24,FW,7500000
Rodrigo Muniz,2024-2025,Fulham,8.0,0.0,8.0,48.62644415917843,38.0,31.096774193548388,1.0,23,FW,9000000
Ryan Sessegnon,2024-2025,Fulham,3.0,1.0,4.0,57.163426925845926,61.0,36.25,1.0,24,"FW,DF",6000000
Sander Berge,2024-2025,Fulham,0.0,0.0,0.0,33.44594594594595,136.0,71.74193548387096,6.0,26,MF,18500000
Sasa Lukic,2024-2025,Fulham,0.0,2.0,2.0,11.594202898550725,151.0,78.13333333333334,12.0,27,MF,13000000
Timothy Castagne,2024-2025,Fulham,0.0,0.0,0.0,36.39751552795031,166.0,68.70833333333333,1.0,28,DF,7000000
Tom Cairney,2024-2025,Fulham,2.0,0.0,2.0,36.07594936708861,27.0,25.12,6.0,33,MF,2600000
Alex Palmer,2024-2025,Ipswich Town,0.0,0.0,0.0,0.0,12.0,90.0,2.0,27,GK,2800000
Arijanet Muric,2024-2025,Ipswich Town,0.0,0.0,0.0,0.0,10.0,90.0,1.0,25,GK,3100000
Axel Tuanzebe,2024-2025,Ipswich Town,0.0,0.0,0.0,0.0,131.0,77.72727272727273,8.0,26,DF,4500000
Ben Godfrey,2024-2025,Ipswich Town,0.0,0.0,0.0,0.0,8.17,45.5,1.17,26,DF,6000000
Ben Johnson,2024-2025,Ipswich Town,1.0,1.0,2.0,42.5531914893617,127.0,58.869565217391305,8.0,24,"DF,FW",3600000
Cameron Burgess,2024-2025,Ipswich Town,0.0,2.0,2.0,20.66532258064516,179.0,85.61111111111111,0.0,28,DF,2600000
Chiedozie Ogbene,2024-2025,Ipswich Town,0.0,0.0,0.0,0.0,12.0,47.6,0.0,27,FW,4500000
Christian Walton,2024-2025,Ipswich Town,0.0,0.0,0.0,0.0,2.0,90.0,0.0,28,GK,1200000
Conor Chaplin,2024-2025,Ipswich Town,1.0,1.0,2.0,19.047619047619047,30.0,38.95454545454545,2.0,27,"MF,FW",6000000
Conor Townsend,2024-2025,Ipswich Town,0.0,1.0,1.0,0.0,39.0,55.833333333333336,1.0,31,DF,1400000
Dara O'Shea,2024-2025,Ipswich Town,0.0,2.0,2.0,9.515096065873744,369.0,89.2,6.0,25,DF,6500000
George Hirst,2024-2025,Ipswich Town,2.0,1.0,3.0,49.78479196556672,16.0,25.423076923076923,3.0,25,FW,3000000
Jack Clarke,2024-2025,Ipswich Town,0.0,3.0,3.0,11.50910158543746,77.0,36.90625,2.0,23,"FW,MF",6500000
Jack Taylor,2024-2025,Ipswich Town,0.0,0.0,0.0,21.09947643979058,65.0,26.875,4.0,26,MF,2100000
Jacob Greaves,2024-2025,Ipswich Town,0.0,0.0,0.0,39.04382470119522,250.0,88.2,5.0,23,DF,7500000
Jaden Philogene Bidace,2024-2025,Ipswich Town,3.0,0.0,3.0,41.66666666666667,74.71,38.38095238095238,1.7,22,"FW,DF",9000000
Jens Cajuste,2024-2025,Ipswich Town,1.0,1.0,2.0,9.090909090909092,130.0,65.3,2.0,24,MF,7500000
Julio Enciso,2024-2025,Ipswich Town,2.0,4.0,6.0,34.44108761329305,36.18,46.52,4.02,20,"MF,FW",6500000
Kalvin Phillips,2024-2025,Ipswich Town,0.0,0.0,0.0,18.704379562043798,126.0,65.10526315789474,9.0,28,MF,4900000
Liam Delap,2024-2025,Ipswich Town,12.0,2.0,14.0,44.10917361637604,49.0,70.08108108108108,12.0,21,FW,21500000
Luke Woolfenden,2024-2025,Ipswich Town,0.0,0.0,0.0,0.0,125.0,79.13333333333334,2.0,25,DF,5000000
Massimo Luongo,2024-2025,Ipswich Town,0.0,0.0,0.0,0.0,17.0,18.272727272727277,0.0,31,MF,2100000
Nathan Broadhead,2024-2025,Ipswich Town,2.0,0.0,2.0,61.62701458173445,26.0,39.0,1.0,26,"MF,FW",3300000
Omari Hutchinson,2024-2025,Ipswich Town,2.0,2.0,4.0,40.1242787394585,85.0,83.3225806451613,5.0,20,"MF,FW",12500000
Sammie Szmodics,2024-2025,Ipswich Town,3.0,0.0,3.0,57.06806282722513,46.0,49.6,2.0,28,"FW,MF",7500000
Wes Burns,2024-2025,Ipswich Town,0.0,1.0,1.0,14.714285714285715,43.0,51.44444444444444,1.0,29,"FW,DF",2300000
Abdul Fatawu Issahaku,2024-2025,Leicester City,0.0,1.0,1.0,38.59242072699149,44.0,52.63636363636363,0.0,20,FW,16500000
Bilal El Khannouss,2024-2025,Leicester City,2.0,3.0,5.0,23.387096774193548,90.91,68.18181818181819,4.13,20,"MF,FW",16500000
Bobby De Cordova-Reid,2024-2025,Leicester City,1.0,1.0,2.0,42.35127478753542,25.0,32.34782608695652,2.0,31,FW,1900000
Boubakary Soumare,2024-2025,Leicester City,0.0,0.0,0.0,0.0,120.0,70.03225806451613,8.0,25,MF,6500000
Caleb Okoli,2024-2025,Leicester City,1.0,0.0,1.0,50.0,143.0,59.21052631578947,4.0,23,DF,5500000
Conor Coady,2024-2025,Leicester City,0.0,0.0,0.0,100.0,129.0,77.9090909090909,3.0,31,DF,1600000
Facundo Buonanotte,2024-2025,Leicester City,5.0,2.0,7.0,33.33333333333333,113.0,49.12903225806452,8.0,19,"FW,MF",11000000
Harry Winks,2024-2025,Leicester City,0.0,2.0,2.0,38.949454905847375,72.0,69.9090909090909,4.0,28,MF,4900000
Jakub Stolarczyk,2024-2025,Leicester City,0.0,0.0,0.0,0.0,8.0,90.0,1.0,23,GK,1800000
James Justin,2024-2025,Leicester City,1.0,1.0,2.0,24.689378757515037,293.0,80.88888888888889,6.0,26,DF,4500000
Jamie Vardy,2024-2025,Leicester City,9.0,4.0,13.0,40.77566269347091,56.0,80.65714285714286,5.0,37,FW,2600000
Jannik Vestergaard,2024-2025,Leicester City,0.0,0.0,0.0,68.70748299319727,133.0,77.27777777777777,5.0,31,DF,2900000
Jordan Ayew,2024-2025,Leicester City,4.0,0.0,4.0,25.89514066496164,79.87,53.516129032258064,5.05,32,"FW,MF",3300000
Kasey McAteer,2024-2025,Leicester City,1.0,1.0,2.0,53.99385560675884,61.0,47.333333333333336,3.0,22,FW,2900000
Luke Thomas,2024-2025,Leicester City,0.0,0.0,0.0,0.0,116.0,79.28571428571429,3.0,23,DF,2000000
Mads Hermansen,2024-2025,Leicester City,0.0,0.0,0.0,0.0,15.0,88.33333333333333,1.0,24,GK,13000000
Oliver Skipp,2024-2025,Leicester City,0.0,0.0,0.0,20.0,66.0,47.04166666666666,8.0,23,MF,4900000
Patson Daka,2024-2025,Leicester City,0.0,0.0,0.0,26.782145236508992,39.0,32.0,0.0,25,"FW,MF",2800000
Ricardo Pereira,2024-2025,Leicester City,0.0,0.0,0.0,50.0,36.0,38.8,1.0,30,DF,4800000
Stephy Mavididi,2024-2025,Leicester City,3.0,1.0,4.0,26.887519260400616,86.0,53.833333333333336,2.0,26,FW,8000000
Victor Bernth Kristiansen,2024-2025,Leicester City,0.0,1.0,1.0,0.0,242.0,82.73333333333333,1.0,21,DF,8500000
Wilfred Ndidi,2024-2025,Leicester City,0.0,4.0,4.0,36.4797081623347,243.0,83.0,8.0,27,MF,10000000
Wout Faes,2024-2025,Leicester City,0.0,0.0,0.0,7.905803195962993,301.0,82.79411764705883,4.0,26,DF,3100000
Alexis Mac Allister,2024-2025,Liverpool,4.0,4.0,8.0,34.07601572739188,207.0,74.25714285714285,6.0,25,MF,84500000
Alisson,2024-2025,Liverpool,0.0,0.0,0.0,0.0,14.0,89.57142857142857,0.0,31,GK,54500000
Andrew Robertson,2024-2025,Liverpool,0.0,1.0,1.0,12.953020134228188,124.0,75.21212121212122,6.0,30,DF,26500000
Caoimhin Kelleher,2024-2025,Liverpool,0.0,0.0,0.0,0.0,1.0,90.0,0.0,25,GK,18000000
Cody Gakpo,2024-2025,Liverpool,10.0,4.0,14.0,38.48718848718849,82.0,55.285714285714285,5.0,25,FW,50500000
Conor Bradley,2024-2025,Liverpool,0.0,2.0,2.0,30.2,58.0,39.68421052631579,4.0,21,DF,20000000
Curtis Jones,2024-2025,Liverpool,3.0,3.0,6.0,37.98882681564246,78.0,51.87878787878788,6.0,23,"MF,DF",29000000
Darwin Nunez,2024-2025,Liverpool,5.0,2.0,7.0,38.15402704291593,43.0,37.766666666666666,8.0,25,FW,28500000
Diogo Jota,2024-2025,Liverpool,5.0,3.0,8.0,25.514000391619344,37.0,46.0,2.0,27,FW,45500000
Dominik Szoboszlai,2024-2025,Liverpool,6.0,6.0,12.0,32.642100551991646,105.0,69.19444444444444,6.0,23,MF,43500000
Harvey Elliott,2024-2025,Liverpool,0.0,2.0,2.0,23.564239194789817,16.0,20.61111111111111,1.0,21,MF,31500000
Ibrahima Konate,2024-2025,Liverpool,1.0,1.0,2.0,16.395165528113502,219.0,82.58064516129032,5.0,25,DF,60000000
Jarell Quansah,2024-2025,Liverpool,0.0,0.0,0.0,0.0,57.0,38.07692307692308,2.0,21,DF,12000000
Joe Gomez,2024-2025,Liverpool,0.0,0.0,0.0,67.21854304635761,49.0,57.66666666666666,1.0,27,DF,21000000
Luis Diaz,2024-2025,Liverpool,13.0,5.0,18.0,42.48099127006478,72.0,66.63888888888889,2.0,27,FW,57500000
Mohamed Salah,2024-2025,Liverpool,28.0,18.0,46.0,41.18229854689564,47.0,88.71052631578948,1.0,32,FW,104000000
Ryan Gravenberch,2024-2025,Liverpool,0.0,3.0,3.0,24.537731134432786,223.0,85.4054054054054,9.0,22,MF,53500000
Trent Alexander-Arnold,2024-2025,Liverpool,2.0,6.0,8.0,17.545030020013343,184.0,71.66666666666667,5.0,25,DF,74000000
Virgil van Dijk,2024-2025,Liverpool,2.0,1.0,3.0,30.136986301369863,311.0,90.0,5.0,33,DF,77500000
Wataru Endo,2024-2025,Liverpool,0.0,0.0,0.0,0.0,35.0,13.65,0.0,31,"MF,DF",12500000
Bernardo Silva,2024-2025,Manchester City,3.0,3.0,6.0,34.258104738154614,147.0,80.9090909090909,7.0,29,"MF,FW",52500000
Erling Haaland,2024-2025,Manchester City,21.0,3.0,24.0,52.91911128210061,51.0,88.25806451612904,2.0,24,FW,157000000
Ilkay Gundogan,2024-2025,Manchester City,0.0,5.0,5.0,25.70579494799405,76.0,67.36363636363636,1.0,33,MF,26000000
Jack Grealish,2024-2025,Manchester City,0.0,0.0,0.0,33.155080213903744,29.0,36.05,3.0,28,"FW,MF",26000000
James Mcatee,2024-2025,Manchester City,3.0,0.0,3.0,33.3609958506224,16.0,23.266666666666666,1.0,21,"MF,FW",5500000
Jeremy Doku,2024-2025,Manchester City,3.0,6.0,9.0,30.79584775086505,48.0,52.27586206896552,1.0,22,"FW,MF",32500000
John Stones,2024-2025,Manchester City,2.0,0.0,2.0,100.0,34.0,49.81818181818182,1.0,30,"DF,MF",30000000
Josko Gvardiol,2024-2025,Manchester City,5.0,0.0,5.0,29.995004995004997,266.0,88.56756756756756,2.0,22,DF,54500000
Kevin De Bruyne,2024-2025,Manchester City,3.0,6.0,9.0,26.243628054139567,42.0,60.785714285714285,2.0,33,"MF,FW",63500000
Manuel Akanji,2024-2025,Manchester City,0.0,0.0,0.0,13.457694870086607,103.0,77.46153846153847,3.0,29,DF,31500000
Mateo Kovacic,2024-2025,Manchester City,6.0,1.0,7.0,26.6369710467706,134.0,70.90322580645162,8.0,30,MF,34500000
Matheus Nunes,2024-2025,Manchester City,0.0,5.0,5.0,45.8006718924972,105.0,64.38461538461539,4.0,25,"DF,MF",16000000
Nathan Ake,2024-2025,Manchester City,0.0,0.0,0.0,0.0,41.0,67.8,0.0,29,DF,30500000
Phil Foden,2024-2025,Manchester City,6.0,1.0,7.0,29.676459650427667,42.0,63.46428571428572,2.0,24,"MF,FW",88000000
Rico Lewis,2024-2025,Manchester City,1.0,2.0,3.0,20.833333333333336,116.0,67.60714285714286,8.0,19,"DF,MF",26000000
Ruben Dias,2024-2025,Manchester City,0.0,0.0,0.0,33.74760994263862,131.0,84.11111111111111,4.0,27,DF,68500000
Savio,2024-2025,Manchester City,0.0,8.0,8.0,38.21064139941691,52.0,60.89655172413793,3.0,20,"FW,MF",45000000
Stefan Ortega,2024-2025,Manchester City,0.0,0.0,0.0,0.0,11.0,84.61538461538461,1.0,31,GK,11000000
Aaron Ramsdale,2024-2025,Southampton,0.0,0.0,0.0,0.0,12.0,90.0,2.0,26,GK,13000000
Adam Lallana,2024-2025,Southampton,0.0,2.0,2.0,0.0,22.0,25.785714285714285,4.0,36,MF,750000
Alex McCarthy,2024-2025,Southampton,0.0,0.0,0.0,0.0,1.0,90.0,0.0,34,GK,275000
Cameron Archer,2024-2025,Southampton,1.0,0.0,1.0,35.42857142857142,31.0,41.17142857142857,0.0,23,FW,4900000
Charlie Taylor,2024-2025,Southampton,0.0,0.0,0.0,0.0,51.0,44.5,1.0,30,DF,1600000
Flynn Downes,2024-2025,Southampton,0.0,0.0,0.0,30.97609561752988,160.0,79.66666666666667,12.0,25,MF,5000000
Jack Stephens,2024-2025,Southampton,0.0,0.0,0.0,50.0,120.0,73.10526315789474,8.0,30,DF,1900000
James Bree,2024-2025,Southampton,0.0,0.0,0.0,24.17302798982188,67.0,63.23529411764706,0.0,26,DF,1700000
Jan Bednarek,2024-2025,Southampton,1.0,0.0,1.0,38.93280632411067,329.0,84.36666666666666,7.0,28,DF,2600000
Joe Aribo,2024-2025,Southampton,2.0,0.0,2.0,40.77555816686252,127.0,62.90625,1.0,28,"MF,DF",3200000
Joe Lumley,2024-2025,Southampton,0.0,0.0,0.0,0.0,3.0,90.0,0.0,29,GK,1100000
Kamaldeen Sulemana,2024-2025,Southampton,0.0,0.0,0.0,27.42935906271537,53.0,53.92307692307692,2.0,22,"FW,MF",2900000
Kyle Walker-Peters,2024-2025,Southampton,0.0,1.0,1.0,30.66202090592335,180.0,88.42424242424242,5.0,27,DF,5500000
Lesley Ugochukwu,2024-2025,Southampton,0.0,0.0,0.0,9.255533199195172,114.0,63.65384615384615,7.0,20,MF,6500000
Mateus Fernandes,2024-2025,Southampton,1.0,3.0,4.0,33.08164228409627,196.82,79.32432432432432,8.07,20,MF,16000000
Nathan Wood-Gordon,2024-2025,Southampton,0.0,0.0,0.0,0.0,67.0,70.27272727272727,2.0,22,DF,2900000
Ross Stewart,2024-2025,Southampton,0.0,0.0,0.0,22.14765100671141,17.0,32.416666666666664,1.0,28,FW,2000000
Ryan Fraser,2024-2025,Southampton,0.0,0.0,0.0,100.0,17.0,38.25,3.0,30,"FW,DF",1800000
Ryan Manning,2024-2025,Southampton,0.0,0.0,0.0,12.21662468513854,112.0,60.91666666666666,2.0,28,"DF,MF",3800000
Taylor Harwood-Bellis,2024-2025,Southampton,0.0,0.0,0.0,39.0547263681592,264.0,83.08823529411765,9.0,22,DF,8000000
Tyler Dibling,2024-2025,Southampton,2.0,0.0,2.0,32.07750269106565,77.0,56.78787878787879,6.0,18,"FW,MF",6500000
William Smallbone,2024-2025,Southampton,1.0,0.0,1.0,14.265335235378032,44.0,38.333333333333336,1.0,24,MF,4300000
Yukinari Sugawara,2024-2025,Southampton,1.0,1.0,2.0,35.831548893647394,116.0,51.9,4.0,24,"DF,MF",7000000
Christian Eriksen,2015-2016,Tottenham,6.0,13.0,19.0,42.0,106.0,83.94285714285714,2.0,23,MF,44000000
Dele Alli,2015-2016,Tottenham,10.0,9.0,19.0,37.83783783783784,169.0,75.12121212121212,7.0,19,MF,49500000
Harry Kane,2015-2016,Tottenham,25.0,1.0,26.0,47.46835443037975,90.0,88.63157894736842,5.0,22,FW,36000000
Son Heung-min,2015-2016,Tottenham,4.0,1.0,5.0,34.21052631578947,47.0,39.464285714285715,0.0,23,FW,22500000
Christian Eriksen,2016-2017,Tottenham,8.0,15.0,23.0,33.83458646616541,86.0,87.88888888888889,0.0,24,MF,88000000
Dele Alli,2016-2017,Tottenham,18.0,7.0,25.0,46.808510638297875,81.0,82.24324324324324,4.0,20,MF,99000000
Harry Kane,2016-2017,Tottenham,29.0,7.0,36.0,52.72727272727272,47.0,84.36666666666666,3.0,23,FW,54000000
Son Heung-min,2016-2017,Tottenham,14.0,6.0,20.0,41.25,33.0,60.8235294117647,2.0,24,FW,27000000
Anthony Martial,2017-2018,Manchester United,8.98,4.93,13.91,31.13423517169615,30.0,52.733333333333334,1.0,21,FW,32500000
David de Gea,2017-2018,Manchester United,0.0,0.0,0.0,0.0,10.0,90.0,0.0,26,GK,64500000
Luke Shaw,2017-2018,Manchester United,0.0,0.0,0.0,41.625207296849084,60.0,71.81818181818181,2.0,22,DF,14000000
Marcus Rashford,2017-2018,Manchester United,7.04,5.03,12.07,32.67651888341543,59.0,51.8,3.0,19,"FW,MF",22500000
Paul Pogba,2017-2018,Manchester United,5.98,10.04,16.02,23.578947368421055,96.0,79.55555555555556,8.0,24,MF,66500000
Romelu Lukaku,2017-2018,Manchester United,15.95,7.02,22.97,48.31513443700833,41.0,84.32352941176471,4.0,24,FW,59000000
Christian Eriksen,2017-2018,Tottenham,10.02,10.02,20.04,40.21851164708308,141.0,86.97297297297297,0.0,25,"MF,FW",65000000
Harry Kane,2017-2018,Tottenham,30.1,2.05,32.15,39.81021736731766,56.0,83.13513513513513,5.0,24,FW,59000000
Son Heung-min,2017-2018,Tottenham,12.03,5.89,17.919999999999998,44.0207972270364,57.0,62.189189189189186,0.0,25,FW,28000000
Declan Rice,2017-2018,West Ham United,0.0,0.0,0.0,0.0,159.0,55.0,1.0,18,"DF,MF",300000
Anthony Martial,2018-2019,Manchester United,10.08,1.98,12.06,57.819905213270154,32.0,60.03703703703704,2.0,22,FW,35500000
David de Gea,2018-2019,Manchester United,0.0,0.0,0.0,0.0,12.0,90.0,1.0,27,GK,72000000
Luke Shaw,2018-2019,Manchester United,0.86,4.03,4.890000000000001,32.87345385347288,211.0,89.34482758620689,11.0,23,DF,11500000
Marcus Rashford,2018-2019,Manchester United,10.1,5.96,16.06,46.29408960915157,78.0,70.72727272727273,6.0,20,FW,26500000
Paul Pogba,2018-2019,Manchester United,13.03,9.02,22.049999999999997,41.19755429053342,134.0,85.88571428571429,6.0,25,MF,73000000
Romelu Lukaku,2018-2019,Manchester United,12.09,0.0,12.09,58.20298290287378,41.0,66.75,4.0,25,FW,62500000
Christian Eriksen,2018-2019,Tottenham,8.01,12.01,20.02,33.83222691611346,95.0,79.25714285714285,3.0,26,MF,73500000
Harry Kane,2018-2019,Tottenham,16.95,4.03,20.98,42.85130718954248,41.0,86.57142857142857,5.0,25,FW,86000000
Son Heung-min,2018-2019,Tottenham,12.03,5.9,17.93,39.148592213390806,61.0,65.7741935483871,5.0,26,"FW,MF",37000000
Declan Rice,2018-2019,West Ham United,2.0,0.0,2.0,22.731397459165155,257.0,88.32352941176471,4.0,19,MF,2000000
Ruben Neves,2018-2019,Wolves,4.01,3.01,7.02,19.53766884834981,251.0,85.91428571428571,8.0,21,MF,18500000
Aaron Wan-Bissaka,2019-2020,Manchester United,0.0,4.09,4.09,14.24581005586592,324.0,87.71428571428571,8.0,21,DF,17500000
Anthony Martial,2019-2020,Manchester United,16.94,6.13,23.07,47.97169215215469,55.0,82.0,1.0,23,FW,34500000
David de Gea,2019-2020,Manchester United,0.0,0.0,0.0,0.0,7.0,90.0,2.0,28,GK,56000000
Luke Shaw,2019-2020,Manchester United,0.0,0.0,0.0,45.63636363636363,140.0,72.20833333333333,7.0,24,DF,20000000
Marcus Rashford,2019-2020,Manchester United,17.05,7.06,24.11,42.56492760284992,65.0,85.25806451612904,3.0,21,FW,35000000
Paul Pogba,2019-2020,Manchester United,0.94,2.95,3.89,33.127376425855516,49.0,75.25,1.0,26,MF,72500000
Christian Eriksen,2019-2020,Tottenham,3.2,3.2,6.4,34.74178403755869,93.44000000000001,48.648648648648646,8.2,27,"MF,FW",68000000
Giovani Lo Celso,2019-2020,Tottenham,0.0,1.99,1.99,16.528468767274738,99.0,53.285714285714285,6.0,23,"MF,FW",35000000
Harry Kane,2019-2020,Tottenham,18.08,2.01,20.089999999999996,44.361378611251894,71.0,89.20689655172414,4.0,26,FW,83000000
Son Heung-min,2019-2020,Tottenham,11.0,9.9,20.9,46.0452330376109,83.0,82.53333333333333,6.0,27,FW,60000000
Declan Rice,2019-2020,West Ham United,1.14,3.04,4.18,29.268292682926827,289.0,90.0,6.0,20,MF,15000000
Ruben Neves,2019-2020,Wolves,2.04,2.04,4.08,16.11111111111111,190.0,80.42105263157895,9.0,22,MF,29000000
Aaron Wan-Bissaka,2020-2021,Manchester United,2.04,4.08,6.12,57.14285714285715,299.0,90.0,3.0,22,DF,52000000
Anthony Martial,2020-2021,Manchester United,3.94,2.95,6.890000000000001,46.752336448598136,28.0,67.27272727272727,3.0,24,FW,61000000
Bruno Fernandes,2020-2021,Manchester United,17.89,12.04,29.93,36.02058319039451,150.0,83.75675675675676,6.0,25,MF,105500000
David de Gea,2020-2021,Manchester United,0.0,0.0,0.0,0.0,8.0,88.26923076923077,0.0,29,GK,46500000
Luke Shaw,2020-2021,Manchester United,0.88,5.02,5.8999999999999995,54.029304029304036,142.0,82.9375,8.0,25,DF,31000000
Marcus Rashford,2020-2021,Manchester United,11.02,9.07,20.09,45.675092086879204,58.0,78.91891891891892,4.0,22,FW,86500000
Paul Pogba,2020-2021,Manchester United,2.95,2.95,5.9,35.36428110896196,123.0,72.96153846153847,3.0,27,"MF,FW",77500000
Giovani Lo Celso,2020-2021,Tottenham,1.05,1.05,2.1,33.57761492338442,52.0,52.5,5.0,24,MF,46000000
Harry Kane,2020-2021,Tottenham,22.91,14.02,36.93,35.3051996985682,101.0,88.05714285714286,1.0,27,FW,109000000
Sergio Reguilón,2020-2021,Tottenham,0.0,2.99,2.99,19.979919678714857,168.0,83.11111111111111,5.0,23,DF,58000000
Son Heung-min,2020-2021,Tottenham,16.95,10.03,26.979999999999997,52.07091775923719,82.0,84.16216216216216,0.0,28,FW,85000000
Declan Rice,2020-2021,West Ham United,1.92,0.96,2.88,28.205128205128204,198.0,89.96875,2.0,21,MF,33500000
Ruben Neves,2020-2021,Wolves,5.05,0.89,5.9399999999999995,20.46664578766051,252.0,74.30555555555556,8.0,23,MF,46000000
Aaron Wan-Bissaka,2021-2022,Manchester United,0.0,0.0,0.0,20.12072434607646,148.0,89.65,2.0,23,DF,48500000
Bruno Fernandes,2021-2022,Manchester United,10.03,5.88,15.91,33.32951026493864,149.0,86.41666666666667,10.0,26,MF,107500000
Cristiano Ronaldo,2021-2022,Manchester United,18.22,3.04,21.259999999999998,36.482114798040485,47.519999999999996,80.2258064516129,8.09,36,FW,45000000
David de Gea,2021-2022,Manchester United,0.0,0.0,0.0,0.0,11.0,90.0,0.0,30,GK,28000000
Jadon Sancho,2021-2022,Manchester United,2.95,2.95,5.9,34.95183044315993,53.0,65.51724137931035,0.0,21,"FW,MF",116500000
Luke Shaw,2021-2022,Manchester United,0.0,3.03,3.03,17.685950413223143,74.0,80.05,8.0,26,DF,48500000
Marcus Rashford,2021-2022,Manchester United,3.97,2.05,6.02,54.379562043795616,26.0,49.4,2.0,23,"FW,MF",77500000
Paul Pogba,2021-2022,Manchester United,1.05,9.0,10.05,24.88262910798122,53.0,67.45,10.0,28,"MF,FW",79500000
Raphael Varane,2021-2022,Manchester United,1.02,1.02,2.04,11.422172452407615,146.0,83.22727272727273,0.0,28,DF,68500000
Cristian Romero,2021-2022,Tottenham,1.03,0.0,1.03,34.511784511784505,215.0,83.81818181818181,8.0,23,DF,41500000
Harry Kane,2021-2022,Tottenham,16.87,8.98,25.85,37.88019863438858,83.0,87.35135135135135,5.0,28,FW,129500000
Sergio Reguilón,2021-2022,Tottenham,1.92,2.98,4.9,42.43717401612138,136.0,76.64,4.0,24,"DF,MF",32500000
Son Heung-min,2021-2022,Tottenham,23.05,7.01,30.060000000000002,56.03448275862068,63.0,85.88571428571429,2.0,29,"MF,FW",104000000
Declan Rice,2021-2022,West Ham United,1.06,3.88,4.9399999999999995,31.087289433384374,240.0,88.30555555555556,8.0,22,MF,43000000
Ruben Neves,2021-2022,Wolves,4.14,2.07,6.209999999999999,38.020461575065426,197.0,80.63636363636364,9.0,24,MF,46000000
Aaron Wan-Bissaka,2022-2023,Manchester United,0.0,0.0,0.0,20.65868263473054,127.0,75.52631578947368,2.0,24,DF,26500000
Anthony Martial,2022-2023,Manchester United,6.0,1.96,7.96,46.02687140115163,21.0,46.57142857142857,0.0,26,FW,28000000
Bruno Fernandes,2022-2023,Manchester United,8.1,8.1,16.2,35.66098674685377,170.0,89.62162162162163,6.0,27,"MF,FW",72500000
Casemiro,2022-2023,Manchester United,4.03,3.08,7.11,32.63990624084383,235.99,73.51724137931035,13.059999999999999,30,MF,86000000
Christian Eriksen,2022-2023,Manchester United,0.91,7.98,8.89,28.058476532444214,76.0,73.14285714285714,3.0,30,MF,29000000
Cristiano Ronaldo,2022-2023,Manchester United,0.99,0.0,0.99,23.995176848874596,12.0,52.5,2.0,37,FW,41000000
David de Gea,2022-2023,Manchester United,0.0,0.0,0.0,0.0,16.0,90.0,0.0,31,GK,42000000
Jadon Sancho,2022-2023,Manchester United,5.98,2.99,8.97,42.884431709646606,54.0,64.84615384615384,0.0,22,"FW,MF",61500000
Lisandro Martínez,2022-2023,Manchester United,0.94,0.0,0.94,9.306930693069306,241.0,78.29629629629629,6.0,24,DF,35000000
Luke Shaw,2022-2023,Manchester United,1.14,1.99,3.13,28.59195402298851,197.0,82.3225806451613,8.0,27,DF,22500000
Marcus Rashford,2022-2023,Manchester United,16.96,5.12,22.080000000000002,45.26627218934912,72.0,82.25714285714285,2.0,24,FW,37000000
Raphael Varane,2022-2023,Manchester United,0.0,0.0,0.0,50.0,150.0,79.625,1.0,29,DF,39000000
Alexander Isak,2022-2023,Newcastle United,10.97,1.12,12.09,46.903967371153136,56.120000000000005,69.75,3.3,22,FW,33000000
Bruno Guimarães,2022-2023,Newcastle United,3.94,5.15,9.09,28.263988522238165,164.0,85.1875,7.0,24,MF,38500000
Sven Botman,2022-2023,Newcastle United,0.0,0.0,0.0,31.747483989021045,242.0,86.86111111111111,2.0,22,DF,31000000
Cristian Romero,2022-2023,Tottenham,0.0,1.05,1.05,19.004524886877828,254.0,87.55555555555556,14.0,24,DF,49500000
Dejan Kulusevski,2022-2023,Tottenham,2.07,6.9,8.97,23.52941176470588,77.0,68.9,2.0,22,"MF,FW",41500000
Harry Kane,2022-2023,Tottenham,29.86,3.02,32.88,43.595741248588475,62.0,89.60526315789474,6.0,29,FW,105500000
Son Heung-min,2022-2023,Tottenham,9.95,6.1,16.049999999999997,46.829027073803935,66.0,80.22222222222223,2.0,30,"MF,FW",101000000
Declan Rice,2022-2023,West Ham United,4.0,1.09,5.09,22.925014310246137,245.0,88.45945945945945,5.0,23,MF,52000000
Lucas Paquetá,2022-2023,West Ham United,4.37,3.34,7.71,27.05693378547207,170.98000000000002,77.0,5.38,24,MF,46000000
Ruben Neves,2022-2023,Wolves,6.03,1.0,7.03,20.752619879326772,273.0,86.25714285714285,12.0,25,MF,47500000
Aaron Wan-Bissaka,2023-2024,Manchester United,0.0,1.98,1.98,33.33333333333333,180.0,80.9090909090909,4.0,25,DF,25500000
Anthony Martial,2023-2024,Manchester United,1.0,0.0,1.0,66.11570247933885,11.0,34.46153846153846,0.0,27,FW,24500000
Bruno Fernandes,2023-2024,Manchester United,10.03,7.96,17.99,38.85060026678524,194.0,89.08571428571429,9.0,28,"MF,FW",92000000
Casemiro,2023-2024,Manchester United,1.1,1.98,3.08,23.163841807909606,246.0,79.28,7.0,31,"MF,DF",72000000
Christian Eriksen,2023-2024,Manchester United,1.02,2.03,3.05,31.039755351681954,52.0,51.86363636363637,1.0,31,MF,30000000
Lisandro Martínez,2023-2024,Manchester United,0.0,1.01,1.01,0.0,53.0,58.72727272727273,3.0,25,DF,49500000
Luke Shaw,2023-2024,Manchester United,0.0,0.0,0.0,0.0,74.0,79.91666666666667,6.0,28,DF,35000000
Marcus Rashford,2023-2024,Manchester United,7.06,2.02,9.08,31.510503501167054,59.0,68.81818181818181,2.0,25,FW,71500000
Raphael Varane,2023-2024,Manchester United,1.07,0.0,1.07,25.0,144.0,62.5,2.0,30,DF,44000000
Alexander Isak,2023-2024,Newcastle United,21.08,2.01,23.089999999999996,50.16657412548584,40.0,75.16666666666667,1.0,23,FW,39500000
Anthony Gordon,2023-2024,Newcastle United,10.91,9.95,20.86,36.144126110346555,96.0,82.57142857142857,15.0,22,FW,12500000
Bruno Guimarães,2023-2024,Newcastle United,6.9,7.99,14.89,33.326377295492485,195.0,88.1891891891892,9.0,25,MF,55500000
Sandro Tonali,2023-2024,Newcastle United,1.03,0.0,1.03,66.11842105263158,16.0,54.75,2.0,23,MF,84000000
Sven Botman,2023-2024,Newcastle United,1.99,1.99,3.98,20.02012072434608,110.0,81.0,2.0,23,DF,47000000
Cristian Romero,2023-2024,Tottenham,4.96,0.0,4.96,37.66233766233766,262.0,84.54545454545455,10.0,25,DF,38000000
Dejan Kulusevski,2023-2024,Tottenham,7.98,3.07,11.05,40.315236427320485,106.0,76.72222222222223,7.0,23,"FW,MF",37000000
Giovani Lo Celso,2023-2024,Tottenham,2.02,2.02,4.04,46.29057187017002,33.0,23.0,2.0,27,MF,29500000
James Maddison,2023-2024,Tottenham,4.03,9.01,13.04,39.75445270620785,71.0,76.25,5.0,26,MF,49500000
Micky van de Ven,2023-2024,Tottenham,3.12,0.0,3.12,38.70967741935484,170.0,86.62962962962963,5.0,22,DF,26500000
Son Heung-min,2023-2024,Tottenham,16.95,10.11,27.06,45.879947070852886,37.0,83.82857142857142,1.0,31,FW,77000000
Lucas Paquetá,2023-2024,West Ham United,4.07,6.11,10.18,19.714070729872084,148.0,84.58064516129032,10.0,25,"FW,MF",34000000
Bruno Fernandes,2024-2025,Manchester United,8.04,10.05,18.09,28.157327586206897,180.0,83.83333333333333,11.0,29,MF,66500000
Casemiro,2024-2025,Manchester United,1.0,0.0,1.0,31.08614232209738,187.0,62.25,5.0,32,MF,17000000
Christian Eriksen,2024-2025,Manchester United,0.94,2.01,2.9499999999999997,6.695156695156696,49.0,46.130434782608695,4.0,32,MF,8500000
Lisandro Martínez,2024-2025,Manchester United,1.95,0.98,2.9299999999999997,35.613207547169814,151.0,87.55,7.0,26,DF,37500000
Luke Shaw,2024-2025,Manchester United,0.0,0.0,0.0,0.0,19.0,49.857142857142854,1.0,29,DF,19000000
Marcus Rashford,2024-2025,Manchester United,5.85,1.42,7.27,56.43564356435643,37.699999999999996,56.88,2.9,26,"FW,MF",23000000
Alexander Isak,2024-2025,Newcastle United,22.95,6.12,29.07,43.22158971115328,50.0,81.05882352941177,1.0,24,FW,89500000
Anthony Gordon,2024-2025,Newcastle United,5.94,4.86,10.8,27.96208530805687,73.0,71.58823529411765,2.0,23,"FW,MF",49500000
Bruno Guimarães,2024-2025,Newcastle United,5.08,6.17,11.25,29.037991557431685,192.0,86.07894736842105,7.0,26,MF,56500000
Sandro Tonali,2024-2025,Newcastle United,4.09,2.04,6.13,34.16095890410959,152.0,73.05555555555556,5.0,24,MF,63000000
Sven Botman,2024-2025,Newcastle United,0.0,0.0,0.0,40.31936127744511,47.0,51.5,1.0,24,DF,37000000
Cristian Romero,2024-2025,Tottenham,0.94,0.0,0.94,50.0312304809494,131.0,78.66666666666667,3.0,26,DF,39500000
Dejan Kulusevski,2024-2025,Tottenham,6.89,3.97,10.86,36.162046908315574,102.0,74.65625,3.0,24,"MF,FW",57500000
James Maddison,2024-2025,Tottenham,9.05,7.04,16.09,43.80610412926391,77.0,58.354838709677416,6.0,27,MF,44500000
Micky van de Ven,2024-2025,Tottenham,0.0,2.03,2.03,33.889816360601,71.0,78.07692307692308,4.0,23,DF,47000000
Sergio Reguilón,2024-2025,Tottenham,0.0,0.0,0.0,0.0,23.0,49.0,2.0,27,DF,5500000
Son Heung-min,2024-2025,Tottenham,7.02,8.89,15.91,43.40789234406256,50.0,70.33333333333333,1.0,32,FW,56500000
Aaron Wan-Bissaka,2024-2025,West Ham United,2.1,4.9,7.0,30.434782608695656,298.0,87.61111111111111,1.0,26,DF,22500000
Lucas Paquetá,2024-2025,West Ham United,3.96,0.0,3.96,7.472300953362534,150.0,72.12121212121212,10.0,26,"MF,FW",19000000
